ticker,cik,entity_name,fiscal_year,period_end,total_assets,total_liabilities,stockholders_equity,total_equity_incl_nci,current_assets,current_liabilities,retained_earnings,revenue,operating_income,net_income,pretax_income,interest_expense,operating_cash_flow,ebit,ebit_source,liabilities_derived
AAPL,320193,Apple Inc.,2021,2021-09-25,351002000000.0,287912000000.0,63090000000.0,63090000000.0,134836000000.0,125481000000.0,5562000000.0,365817000000.0,108949000000.0,94680000000.0,109207000000.0,2645000000.0,104038000000.0,108949000000.0,operating_income,False
AAPL,320193,Apple Inc.,2022,2022-09-24,352755000000.0,302083000000.0,50672000000.0,50672000000.0,135405000000.0,153982000000.0,-3068000000.0,394328000000.0,119437000000.0,99803000000.0,119103000000.0,2931000000.0,122151000000.0,119437000000.0,operating_income,False
AAPL,320193,Apple Inc.,2023,2023-09-30,352583000000.0,290437000000.0,62146000000.0,62146000000.0,143566000000.0,145308000000.0,-214000000.0,383285000000.0,114301000000.0,96995000000.0,113736000000.0,3933000000.0,110543000000.0,114301000000.0,operating_income,False
AAPL,320193,Apple Inc.,2024,2024-09-28,364980000000.0,308030000000.0,56950000000.0,56950000000.0,152987000000.0,176392000000.0,-19154000000.0,391035000000.0,123216000000.0,93736000000.0,123485000000.0,,118254000000.0,123216000000.0,operating_income,False
AAPL,320193,Apple Inc.,2025,2025-09-27,359241000000.0,285508000000.0,73733000000.0,73733000000.0,147957000000.0,165631000000.0,-14264000000.0,416161000000.0,133050000000.0,112010000000.0,132729000000.0,,111482000000.0,133050000000.0,operating_income,False
ABT,1800,ABBOTT LABORATORIES,2021,2021-12-31,75196000000.0,39172000000.0,35802000000.0,36024000000.0,24239000000.0,13105000000.0,31528000000.0,43075000000.0,8425000000.0,7071000000.0,8211000000.0,533000000.0,10533000000.0,8425000000.0,operating_income,True
ABT,1800,ABBOTT LABORATORIES,2022,2022-12-31,74438000000.0,37533000000.0,36686000000.0,36905000000.0,25224000000.0,15489000000.0,35257000000.0,43653000000.0,8362000000.0,6933000000.0,8306000000.0,558000000.0,9581000000.0,8362000000.0,operating_income,True
ABT,1800,ABBOTT LABORATORIES,2023,2023-12-31,73214000000.0,34387000000.0,38603000000.0,38827000000.0,22670000000.0,13841000000.0,37554000000.0,40109000000.0,6478000000.0,5723000000.0,6664000000.0,637000000.0,7261000000.0,6478000000.0,operating_income,True
ABT,1800,ABBOTT LABORATORIES,2024,2024-12-31,81414000000.0,33513000000.0,47664000000.0,47901000000.0,23656000000.0,14157000000.0,47261000000.0,41950000000.0,6825000000.0,13402000000.0,7013000000.0,559000000.0,8558000000.0,6825000000.0,operating_income,True
ABT,1800,ABBOTT LABORATORIES,2025,2025-12-31,86713000000.0,33942000000.0,52130000000.0,52771000000.0,25996000000.0,16496000000.0,49781000000.0,44328000000.0,8053000000.0,6524000000.0,8466000000.0,493000000.0,9566000000.0,8053000000.0,operating_income,True
BA,12927,THE BOEING COMPANY,2021,2021-12-31,138552000000.0,153398000000.0,-14999000000.0,-14846000000.0,108666000000.0,81992000000.0,34408000000.0,62286000000.0,-2870000000.0,-4202000000.0,-5033000000.0,2714000000.0,-3416000000.0,-2870000000.0,operating_income,False
BA,12927,THE BOEING COMPANY,2022,2022-12-31,137100000000.0,152948000000.0,-15883000000.0,-15848000000.0,109523000000.0,90052000000.0,29473000000.0,66608000000.0,-3519000000.0,-4935000000.0,-5022000000.0,2561000000.0,3512000000.0,-3519000000.0,operating_income,False
BA,12927,THE BOEING COMPANY,2023,2023-12-31,137012000000.0,154240000000.0,-17233000000.0,-17228000000.0,109275000000.0,95827000000.0,27251000000.0,77794000000.0,-773000000.0,-2222000000.0,-2005000000.0,2459000000.0,5960000000.0,-773000000.0,operating_income,False
BA,12927,THE BOEING COMPANY,2024,2024-12-31,156363000000.0,160277000000.0,-3908000000.0,-3914000000.0,127998000000.0,97078000000.0,15362000000.0,66517000000.0,-10707000000.0,-11817000000.0,-12210000000.0,2725000000.0,-12080000000.0,-10707000000.0,operating_income,False
BA,12927,THE BOEING COMPANY,2025,2025-12-31,168235000000.0,162778000000.0,5454000000.0,5457000000.0,128459000000.0,108115000000.0,17252000000.0,89463000000.0,4281000000.0,2235000000.0,2635000000.0,2771000000.0,1065000000.0,4281000000.0,operating_income,False
CAT,18230,CATERPILLAR INC,2021,2021-12-31,82793000000.0,66277000000.0,16516000000.0,16516000000.0,43455000000.0,29847000000.0,39282000000.0,50971000000.0,6878000000.0,6493000000.0,8204000000.0,920000000.0,7198000000.0,6878000000.0,operating_income,False
CAT,18230,CATERPILLAR INC,2022,2022-12-31,81943000000.0,66052000000.0,15891000000.0,15891000000.0,43785000000.0,31531000000.0,43514000000.0,59427000000.0,7904000000.0,6704000000.0,8752000000.0,959000000.0,7766000000.0,7904000000.0,operating_income,False
CAT,18230,CATERPILLAR INC,2023,2023-12-31,87476000000.0,67973000000.0,19503000000.0,19503000000.0,46949000000.0,34728000000.0,51250000000.0,67060000000.0,12966000000.0,10332000000.0,13050000000.0,1435000000.0,12885000000.0,12966000000.0,operating_income,False
CAT,18230,CATERPILLAR INC,2024,2024-12-31,87764000000.0,68270000000.0,19494000000.0,19494000000.0,45682000000.0,32272000000.0,59352000000.0,64809000000.0,13072000000.0,10788000000.0,13373000000.0,1738000000.0,12035000000.0,13072000000.0,operating_income,False
CAT,18230,CATERPILLAR INC,2025,2025-12-31,98585000000.0,77267000000.0,21318000000.0,21318000000.0,52485000000.0,36558000000.0,65448000000.0,67589000000.0,11151000000.0,8882000000.0,11541000000.0,1842000000.0,11739000000.0,11151000000.0,operating_income,False
COP,1163165,ConocoPhillips,2021,2021-12-31,90661000000.0,45255000000.0,45406000000.0,45406000000.0,16050000000.0,12021000000.0,40674000000.0,45828000000.0,,8079000000.0,12712000000.0,887000000.0,16996000000.0,13599000000.0,pretax_plus_interest,False
COP,1163165,ConocoPhillips,2022,2022-12-31,93829000000.0,45826000000.0,48003000000.0,48003000000.0,18749000000.0,12847000000.0,53029000000.0,78494000000.0,,18680000000.0,28228000000.0,791000000.0,28314000000.0,29019000000.0,pretax_plus_interest,False
COP,1163165,ConocoPhillips,2023,2023-12-31,95924000000.0,46645000000.0,49279000000.0,49279000000.0,14330000000.0,10005000000.0,59268000000.0,56141000000.0,,10957000000.0,16288000000.0,824000000.0,19965000000.0,17112000000.0,pretax_plus_interest,False
COP,1163165,ConocoPhillips,2024,2024-12-31,122780000000.0,57984000000.0,64796000000.0,64796000000.0,15647000000.0,12124000000.0,64869000000.0,54745000000.0,,9245000000.0,13672000000.0,941000000.0,20124000000.0,14613000000.0,pretax_plus_interest,False
COP,1163165,ConocoPhillips,2025,2025-12-31,121939000000.0,57452000000.0,64487000000.0,64487000000.0,15532000000.0,11972000000.0,68864000000.0,58944000000.0,,7988000000.0,12656000000.0,1176000000.0,19796000000.0,13832000000.0,pretax_plus_interest,False
CSCO,858877,"CISCO SYSTEMS, INC.",2022,2022-07-30,94002000000.0,54229000000.0,39773000000.0,39773000000.0,36717000000.0,25640000000.0,-1319000000.0,51557000000.0,13969000000.0,11812000000.0,14477000000.0,360000000.0,13226000000.0,13969000000.0,operating_income,False
CSCO,858877,"CISCO SYSTEMS, INC.",2023,2023-07-29,101852000000.0,57499000000.0,44353000000.0,44353000000.0,43348000000.0,31309000000.0,1639000000.0,56998000000.0,15031000000.0,12613000000.0,15318000000.0,427000000.0,19886000000.0,15031000000.0,operating_income,False
CSCO,858877,"CISCO SYSTEMS, INC.",2024,2024-07-27,124413000000.0,78956000000.0,45457000000.0,45457000000.0,36862000000.0,40584000000.0,1087000000.0,53803000000.0,12181000000.0,10320000000.0,12234000000.0,1006000000.0,10880000000.0,12181000000.0,operating_income,False
CSCO,858877,"CISCO SYSTEMS, INC.",2025,2025-07-26,122291000000.0,75448000000.0,46843000000.0,46843000000.0,34986000000.0,35064000000.0,50000000.0,56654000000.0,11760000000.0,10180000000.0,11100000000.0,1593000000.0,14193000000.0,11760000000.0,operating_income,False
CSCO,858877,"CISCO SYSTEMS, INC.",2026,2026-07-25,129637000000.0,79352000000.0,50285000000.0,50285000000.0,38665000000.0,41525000000.0,1565000000.0,63325000000.0,15368000000.0,13267000000.0,16009000000.0,1470000000.0,14177000000.0,15368000000.0,operating_income,False
CVX,93410,Chevron Corp,2021,2021-12-31,239535000000.0,99595000000.0,139067000000.0,139940000000.0,33738000000.0,26791000000.0,165546000000.0,162465000000.0,,15625000000.0,21639000000.0,712000000.0,29187000000.0,22351000000.0,pretax_plus_interest,False
CVX,93410,Chevron Corp,2022,2022-12-31,257709000000.0,97467000000.0,159282000000.0,160242000000.0,50343000000.0,34208000000.0,190024000000.0,246252000000.0,,35465000000.0,49674000000.0,516000000.0,49602000000.0,50190000000.0,pretax_plus_interest,False
CVX,93410,Chevron Corp,2023,2023-12-31,261632000000.0,99703000000.0,160957000000.0,161929000000.0,41128000000.0,32258000000.0,200025000000.0,200949000000.0,,21369000000.0,29584000000.0,469000000.0,35609000000.0,30053000000.0,pretax_plus_interest,False
CVX,93410,Chevron Corp,2024,2024-12-31,256938000000.0,103781000000.0,152318000000.0,153157000000.0,40911000000.0,38558000000.0,205852000000.0,202792000000.0,,17661000000.0,27506000000.0,594000000.0,31492000000.0,28100000000.0,pretax_plus_interest,False
CVX,93410,Chevron Corp,2025,2025-12-31,324012000000.0,131836000000.0,186450000000.0,192176000000.0,38552000000.0,33387000000.0,205365000000.0,189031000000.0,,12299000000.0,19743000000.0,1217000000.0,33939000000.0,20960000000.0,pretax_plus_interest,False
DE,315189,DEERE & CO,2021,2021-10-31,84114000000.0,65680000000.0,18431000000.0,18434000000.0,,,36449000000.0,44024000000.0,8012000000.0,5963000000.0,7602000000.0,993000000.0,7726000000.0,8012000000.0,operating_income,False
DE,315189,DEERE & CO,2022,2022-10-30,90030000000.0,69673000000.0,20262000000.0,20265000000.0,,,42247000000.0,52577000000.0,9508000000.0,7131000000.0,9127000000.0,1062000000.0,4699000000.0,9508000000.0,operating_income,False
DE,315189,DEERE & CO,2023,2023-10-29,104087000000.0,82201000000.0,21785000000.0,21789000000.0,,,50931000000.0,61251000000.0,12958000000.0,10166000000.0,13019000000.0,2453000000.0,8589000000.0,12958000000.0,operating_income,False
DE,315189,DEERE & CO,2024,2024-10-27,107320000000.0,84395000000.0,22836000000.0,22843000000.0,,,56402000000.0,51716000000.0,9039000000.0,7100000000.0,9206000000.0,3348000000.0,9231000000.0,9039000000.0,operating_income,False
DE,315189,DEERE & CO,2025,2025-11-02,105996000000.0,79989000000.0,25950000000.0,25956000000.0,,,59676000000.0,45684000000.0,,5027000000.0,6257000000.0,3170000000.0,7459000000.0,9427000000.0,pretax_plus_interest,False
HD,354950,"The Home Depot, Inc.",2022,2022-01-30,71876000000.0,73572000000.0,-1696000000.0,-1696000000.0,29055000000.0,28693000000.0,67580000000.0,151157000000.0,23040000000.0,16433000000.0,21737000000.0,1347000000.0,16571000000.0,23040000000.0,operating_income,False
HD,354950,"The Home Depot, Inc.",2023,2023-01-29,76445000000.0,74883000000.0,1562000000.0,1562000000.0,32471000000.0,23110000000.0,76896000000.0,157403000000.0,24039000000.0,17105000000.0,22477000000.0,1617000000.0,14615000000.0,24039000000.0,operating_income,False
HD,354950,"The Home Depot, Inc.",2024,2024-01-28,76530000000.0,75486000000.0,1044000000.0,1044000000.0,29775000000.0,22015000000.0,83656000000.0,152669000000.0,21689000000.0,15143000000.0,19924000000.0,1943000000.0,21172000000.0,21689000000.0,operating_income,False
HD,354950,"The Home Depot, Inc.",2025,2025-02-02,96119000000.0,89479000000.0,6640000000.0,6640000000.0,31683000000.0,28661000000.0,89533000000.0,159514000000.0,21526000000.0,14806000000.0,19406000000.0,2321000000.0,19810000000.0,21526000000.0,operating_income,False
HD,354950,"The Home Depot, Inc.",2026,2026-02-01,105095000000.0,92282000000.0,12813000000.0,12813000000.0,34391000000.0,32424000000.0,94537000000.0,164683000000.0,20890000000.0,14156000000.0,18602000000.0,2412000000.0,16325000000.0,20890000000.0,operating_income,False
HON,773840,Honeywell International Inc,2021,2021-12-31,64470000000.0,45228000000.0,18569000000.0,19242000000.0,25372000000.0,19508000000.0,42827000000.0,34392000000.0,,5542000000.0,7235000000.0,343000000.0,6038000000.0,7578000000.0,pretax_plus_interest,True
HON,773840,Honeywell International Inc,2022,2022-12-31,62275000000.0,44956000000.0,16697000000.0,17319000000.0,24982000000.0,19938000000.0,45093000000.0,35466000000.0,8022000000.0,4966000000.0,6379000000.0,414000000.0,5274000000.0,8022000000.0,operating_income,True
HON,773840,Honeywell International Inc,2023,2023-12-31,61525000000.0,45091000000.0,15856000000.0,16434000000.0,23502000000.0,18539000000.0,47979000000.0,33009000000.0,7563000000.0,5658000000.0,6191000000.0,749000000.0,5340000000.0,7563000000.0,operating_income,True
HON,773840,Honeywell International Inc,2024,2024-12-31,75196000000.0,56042000000.0,18619000000.0,19154000000.0,27908000000.0,21256000000.0,50835000000.0,34717000000.0,7667000000.0,5705000000.0,6244000000.0,1048000000.0,6097000000.0,7667000000.0,operating_income,True
HON,773840,Honeywell International Inc,2025,2025-12-31,73681000000.0,58651000000.0,13904000000.0,15030000000.0,30387000000.0,23414000000.0,50964000000.0,37442000000.0,8127000000.0,4729000000.0,5476000000.0,1344000000.0,6408000000.0,8127000000.0,operating_income,True
JNJ,200406,Johnson & Johnson,2022,2022-01-02,182018000000.0,107995000000.0,74023000000.0,74023000000.0,60979000000.0,45226000000.0,123060000000.0,78740000000.0,,20878000000.0,19178000000.0,183000000.0,23410000000.0,19361000000.0,pretax_plus_interest,False
JNJ,200406,Johnson & Johnson,2023,2023-01-01,187378000000.0,110574000000.0,76804000000.0,76804000000.0,55294000000.0,55802000000.0,128345000000.0,79990000000.0,,17941000000.0,19359000000.0,276000000.0,21194000000.0,19635000000.0,pretax_plus_interest,False
JNJ,200406,Johnson & Johnson,2023,2023-12-31,167558000000.0,98784000000.0,68774000000.0,68774000000.0,53495000000.0,46282000000.0,153843000000.0,85159000000.0,,35153000000.0,15062000000.0,772000000.0,22791000000.0,15834000000.0,pretax_plus_interest,False
JNJ,200406,Johnson & Johnson,2024,2024-12-29,180104000000.0,108614000000.0,71490000000.0,71490000000.0,55893000000.0,50321000000.0,155791000000.0,88821000000.0,,14066000000.0,16687000000.0,755000000.0,24266000000.0,17442000000.0,pretax_plus_interest,False
JNJ,200406,Johnson & Johnson,2025,2025-12-28,199210000000.0,117666000000.0,81544000000.0,81544000000.0,55624000000.0,54126000000.0,168978000000.0,94193000000.0,,26804000000.0,32581000000.0,971000000.0,24530000000.0,33552000000.0,pretax_plus_interest,False
KO,21344,COCA COLA CO,2021,2021-12-31,94354000000.0,69494000000.0,22999000000.0,24860000000.0,22545000000.0,19950000000.0,69094000000.0,38655000000.0,10308000000.0,9771000000.0,12425000000.0,1597000000.0,12625000000.0,10308000000.0,operating_income,True
KO,21344,COCA COLA CO,2022,2022-12-31,92763000000.0,66937000000.0,24105000000.0,25826000000.0,22591000000.0,19724000000.0,71019000000.0,43004000000.0,10909000000.0,9542000000.0,11686000000.0,882000000.0,11018000000.0,10909000000.0,operating_income,True
KO,21344,COCA COLA CO,2023,2023-12-31,97703000000.0,70223000000.0,25941000000.0,27480000000.0,26732000000.0,23571000000.0,73782000000.0,45754000000.0,11311000000.0,10714000000.0,12952000000.0,1527000000.0,11599000000.0,11311000000.0,operating_income,True
KO,21344,COCA COLA CO,2024,2024-12-31,100549000000.0,74177000000.0,24856000000.0,26372000000.0,25997000000.0,25249000000.0,76054000000.0,47061000000.0,9992000000.0,10631000000.0,13086000000.0,1656000000.0,6805000000.0,9992000000.0,operating_income,True
KO,21344,COCA COLA CO,2025,2025-12-31,104816000000.0,70541000000.0,32169000000.0,34275000000.0,31044000000.0,21281000000.0,80382000000.0,47941000000.0,13762000000.0,13107000000.0,15998000000.0,1654000000.0,7408000000.0,13762000000.0,operating_income,True
MCD,63908,McDONALD’S CORPORATION,2021,2021-12-31,53854300000.0,58455300000.0,-4601000000.0,-4601000000.0,7148500000.0,4020000000.0,57534700000.0,23222900000.0,10356000000.0,7545200000.0,2413900000.0,1185800000.0,9141500000.0,10356000000.0,operating_income,True
MCD,63908,McDONALD’S CORPORATION,2022,2022-12-31,50436000000.0,56439000000.0,-6003000000.0,-6003000000.0,5424200000.0,3802100000.0,59543900000.0,23183000000.0,9371000000.0,6177000000.0,1846000000.0,1207000000.0,7387000000.0,9371000000.0,operating_income,True
MCD,63908,McDONALD’S CORPORATION,2023,2023-12-31,56147000000.0,60854000000.0,-4707000000.0,-4707000000.0,7986000000.0,6859000000.0,63480000000.0,25494000000.0,11647000000.0,8469000000.0,3665000000.0,1361000000.0,9612000000.0,11647000000.0,operating_income,True
MCD,63908,McDONALD’S CORPORATION,2024,2024-12-31,55182000000.0,58979000000.0,-3797000000.0,-3797000000.0,4599000000.0,3861000000.0,66834000000.0,25920000000.0,11712000000.0,8223000000.0,3282000000.0,1506000000.0,9447000000.0,11712000000.0,operating_income,True
MCD,63908,McDONALD’S CORPORATION,2025,2025-12-31,59515000000.0,61306000000.0,-1791000000.0,-1791000000.0,4163000000.0,4361000000.0,70282000000.0,26885000000.0,12393000000.0,8563000000.0,3291000000.0,1582000000.0,10551000000.0,12393000000.0,operating_income,True
MRK,310158,"Merck & Co., Inc.",2021,2021-12-31,105694000000.0,67437000000.0,38184000000.0,38257000000.0,30266000000.0,23872000000.0,53696000000.0,48704000000.0,,13049000000.0,13879000000.0,806000000.0,13122000000.0,14685000000.0,pretax_plus_interest,True
MRK,310158,"Merck & Co., Inc.",2022,2022-12-31,109160000000.0,63102000000.0,45991000000.0,46058000000.0,35722000000.0,24239000000.0,61081000000.0,59283000000.0,,14519000000.0,16444000000.0,962000000.0,19095000000.0,17406000000.0,pretax_plus_interest,True
MRK,310158,"Merck & Co., Inc.",2023,2023-12-31,106675000000.0,69040000000.0,37581000000.0,37635000000.0,32168000000.0,25694000000.0,53895000000.0,60115000000.0,,365000000.0,1889000000.0,1146000000.0,13006000000.0,3035000000.0,pretax_plus_interest,True
MRK,310158,"Merck & Co., Inc.",2024,2024-12-31,117106000000.0,70734000000.0,46313000000.0,46372000000.0,38782000000.0,28420000000.0,63069000000.0,64168000000.0,,17117000000.0,19936000000.0,1271000000.0,21468000000.0,21207000000.0,pretax_plus_interest,True
MRK,310158,"Merck & Co., Inc.",2025,2025-12-31,136866000000.0,84204000000.0,52606000000.0,52662000000.0,43516000000.0,28327000000.0,73075000000.0,65011000000.0,,18254000000.0,21067000000.0,1357000000.0,16472000000.0,22424000000.0,pretax_plus_interest,True
MSFT,789019,MICROSOFT CORPORATION,2022,2022-06-30,364840000000.0,198298000000.0,166542000000.0,166542000000.0,169684000000.0,95082000000.0,84281000000.0,198270000000.0,83383000000.0,72738000000.0,83716000000.0,2063000000.0,89035000000.0,83383000000.0,operating_income,False
MSFT,789019,MICROSOFT CORPORATION,2023,2023-06-30,411976000000.0,205753000000.0,206223000000.0,206223000000.0,184257000000.0,104149000000.0,118848000000.0,211915000000.0,88523000000.0,72361000000.0,89311000000.0,1968000000.0,87582000000.0,88523000000.0,operating_income,False
MSFT,789019,MICROSOFT CORPORATION,2024,2024-06-30,512163000000.0,243686000000.0,268477000000.0,268477000000.0,159734000000.0,125286000000.0,173144000000.0,245122000000.0,109433000000.0,88136000000.0,107787000000.0,2935000000.0,118548000000.0,109433000000.0,operating_income,False
MSFT,789019,MICROSOFT CORPORATION,2025,2025-06-30,619003000000.0,275524000000.0,343479000000.0,343479000000.0,191131000000.0,141218000000.0,237731000000.0,281724000000.0,128528000000.0,101832000000.0,123627000000.0,2385000000.0,136162000000.0,128528000000.0,operating_income,False
MSFT,789019,MICROSOFT CORPORATION,2026,2026-06-30,758376000000.0,315989000000.0,442387000000.0,442387000000.0,207710000000.0,168825000000.0,328265000000.0,331839000000.0,155237000000.0,133749000000.0,165934000000.0,3051000000.0,182935000000.0,155237000000.0,operating_income,False
NVDA,1045810,NVIDIA CORP,2022,2022-01-30,44187000000.0,17575000000.0,26612000000.0,26612000000.0,28829000000.0,4335000000.0,16235000000.0,26914000000.0,10041000000.0,9752000000.0,9941000000.0,236000000.0,9108000000.0,10041000000.0,operating_income,False
NVDA,1045810,NVIDIA CORP,2023,2023-01-29,41182000000.0,19081000000.0,22101000000.0,22101000000.0,23073000000.0,6563000000.0,10171000000.0,26974000000.0,4224000000.0,4368000000.0,4181000000.0,262000000.0,5641000000.0,4224000000.0,operating_income,False
NVDA,1045810,NVIDIA CORP,2024,2024-01-28,65728000000.0,22750000000.0,42978000000.0,42978000000.0,44345000000.0,10631000000.0,29817000000.0,60922000000.0,32972000000.0,29760000000.0,33818000000.0,257000000.0,28090000000.0,32972000000.0,operating_income,False
NVDA,1045810,NVIDIA CORP,2025,2025-01-26,111601000000.0,32274000000.0,79327000000.0,79327000000.0,80126000000.0,18047000000.0,68038000000.0,130497000000.0,81453000000.0,72880000000.0,84026000000.0,247000000.0,64089000000.0,81453000000.0,operating_income,False
NVDA,1045810,NVIDIA CORP,2026,2026-01-25,206803000000.0,49510000000.0,157293000000.0,157293000000.0,125605000000.0,32163000000.0,146973000000.0,215938000000.0,130387000000.0,120067000000.0,141450000000.0,259000000.0,102718000000.0,130387000000.0,operating_income,False
ORCL,1341439,Oracle Corporation,2022,2022-05-31,109297000000.0,115065000000.0,-6220000000.0,-5768000000.0,31633000000.0,19511000000.0,-31336000000.0,42440000000.0,10926000000.0,6717000000.0,-629000000.0,2755000000.0,9539000000.0,10926000000.0,operating_income,True
ORCL,1341439,Oracle Corporation,2023,2023-05-31,134384000000.0,132828000000.0,1073000000.0,1556000000.0,21004000000.0,23090000000.0,-27620000000.0,49954000000.0,13093000000.0,8503000000.0,1492000000.0,3505000000.0,17165000000.0,13093000000.0,operating_income,True
ORCL,1341439,Oracle Corporation,2024,2024-05-31,140976000000.0,131737000000.0,8704000000.0,9239000000.0,22554000000.0,31544000000.0,-22628000000.0,52961000000.0,15353000000.0,10467000000.0,3023000000.0,3514000000.0,18673000000.0,15353000000.0,operating_income,True
ORCL,1341439,Oracle Corporation,2025,2025-05-31,168361000000.0,147392000000.0,20451000000.0,20969000000.0,24579000000.0,32643000000.0,-15481000000.0,57399000000.0,17678000000.0,12443000000.0,4376000000.0,3578000000.0,20821000000.0,17678000000.0,operating_income,True
ORCL,1341439,Oracle Corporation,2026,2026-05-31,261759000000.0,218703000000.0,42508000000.0,43056000000.0,46567000000.0,41764000000.0,-4309000000.0,67357000000.0,20606000000.0,17087000000.0,8693000000.0,4599000000.0,31977000000.0,20606000000.0,operating_income,True
OXY,797468,OCCIDENTAL PETROLEUM CORPORATION,2021,2021-12-31,75036000000.0,54709000000.0,20327000000.0,20327000000.0,10211000000.0,8324000000.0,4480000000.0,25956000000.0,,2322000000.0,3705000000.0,1614000000.0,10434000000.0,5319000000.0,pretax_plus_interest,True
OXY,797468,OCCIDENTAL PETROLEUM CORPORATION,2022,2022-12-31,72609000000.0,42524000000.0,30085000000.0,30085000000.0,8886000000.0,7757000000.0,16499000000.0,36634000000.0,,13304000000.0,14117000000.0,1030000000.0,16810000000.0,15147000000.0,pretax_plus_interest,True
OXY,797468,OCCIDENTAL PETROLEUM CORPORATION,2023,2023-12-31,74008000000.0,43659000000.0,30250000000.0,30349000000.0,8375000000.0,9148000000.0,19626000000.0,23156000000.0,,4696000000.0,4662000000.0,957000000.0,12308000000.0,5619000000.0,pretax_plus_interest,True
OXY,797468,OCCIDENTAL PETROLEUM CORPORATION,2024,2024-12-31,85445000000.0,50965000000.0,34159000000.0,34480000000.0,9070000000.0,9521000000.0,21189000000.0,22019000000.0,,3078000000.0,4024000000.0,1169000000.0,11439000000.0,5193000000.0,pretax_plus_interest,True
OXY,797468,OCCIDENTAL PETROLEUM CORPORATION,2025,2025-12-31,84186000000.0,47588000000.0,36034000000.0,36598000000.0,8827000000.0,9428000000.0,21891000000.0,21593000000.0,,2369000000.0,3128000000.0,1079000000.0,10532000000.0,4207000000.0,pretax_plus_interest,True
PFE,78003,PFIZER INC,2021,2021-12-31,181476000000.0,104013000000.0,77201000000.0,77462000000.0,59693000000.0,42671000000.0,103394000000.0,81288000000.0,,21979000000.0,24311000000.0,1291000000.0,32580000000.0,25602000000.0,pretax_plus_interest,False
PFE,78003,PFIZER INC,2022,2022-12-31,197205000000.0,101288000000.0,95661000000.0,95916000000.0,51259000000.0,42138000000.0,125656000000.0,101175000000.0,,31372000000.0,34729000000.0,1238000000.0,29267000000.0,35967000000.0,pretax_plus_interest,False
PFE,78003,PFIZER INC,2023,2023-12-31,226501000000.0,137213000000.0,89014000000.0,89288000000.0,43333000000.0,47794000000.0,118353000000.0,59553000000.0,,2119000000.0,1058000000.0,2209000000.0,8700000000.0,3267000000.0,pretax_plus_interest,False
PFE,78003,PFIZER INC,2024,2024-12-31,213396000000.0,124899000000.0,88203000000.0,88497000000.0,50358000000.0,42995000000.0,116725000000.0,63627000000.0,,8031000000.0,8023000000.0,3091000000.0,12744000000.0,11114000000.0,pretax_plus_interest,False
PFE,78003,PFIZER INC,2025,2025-12-31,208160000000.0,121385000000.0,86476000000.0,86775000000.0,42898000000.0,36984000000.0,114610000000.0,62579000000.0,,7771000000.0,7520000000.0,2671000000.0,11704000000.0,10191000000.0,pretax_plus_interest,False
PG,80424,The Procter & Gamble Company,2022,2022-06-30,117208000000.0,70354000000.0,46854000000.0,46854000000.0,21653000000.0,33081000000.0,112429000000.0,80187000000.0,17813000000.0,14742000000.0,17995000000.0,439000000.0,16723000000.0,17813000000.0,operating_income,False
PG,80424,The Procter & Gamble Company,2023,2023-06-30,120829000000.0,73764000000.0,47065000000.0,47065000000.0,22648000000.0,35756000000.0,118170000000.0,82006000000.0,18134000000.0,14653000000.0,18353000000.0,756000000.0,16848000000.0,18134000000.0,operating_income,False
PG,80424,The Procter & Gamble Company,2024,2024-06-30,122370000000.0,71811000000.0,50559000000.0,50559000000.0,24709000000.0,33627000000.0,123811000000.0,84039000000.0,18545000000.0,14879000000.0,18761000000.0,925000000.0,19846000000.0,18545000000.0,operating_income,False
PG,80424,The Procter & Gamble Company,2025,2025-06-30,125231000000.0,72946000000.0,52284000000.0,52284000000.0,25392000000.0,36058000000.0,129973000000.0,84284000000.0,20451000000.0,15974000000.0,20167000000.0,907000000.0,17817000000.0,20451000000.0,operating_income,False
PG,80424,The Procter & Gamble Company,2026,2026-06-30,126521000000.0,72210000000.0,54311000000.0,54311000000.0,26208000000.0,38694000000.0,135852000000.0,87032000000.0,19748000000.0,16046000000.0,20377000000.0,877000000.0,19556000000.0,19748000000.0,operating_income,False
SLB,87347,SLB LIMITED/NV,2021,2021-12-31,41511000000.0,26225000000.0,15004000000.0,15286000000.0,12654000000.0,10359000000.0,8199000000.0,22929000000.0,3365000000.0,1881000000.0,2374000000.0,539000000.0,4651000000.0,3365000000.0,operating_income,False
SLB,87347,SLB LIMITED/NV,2022,2022-12-31,43135000000.0,25146000000.0,17685000000.0,17989000000.0,15003000000.0,12018000000.0,10719000000.0,28091000000.0,5011000000.0,3441000000.0,4271000000.0,490000000.0,3720000000.0,5011000000.0,operating_income,False
SLB,87347,SLB LIMITED/NV,2023,2023-12-31,47957000000.0,26598000000.0,20189000000.0,21359000000.0,17718000000.0,13395000000.0,13497000000.0,33135000000.0,6523000000.0,4203000000.0,5282000000.0,503000000.0,6637000000.0,6523000000.0,operating_income,False
SLB,87347,SLB LIMITED/NV,2024,2024-12-31,48935000000.0,26585000000.0,21130000000.0,22350000000.0,18570000000.0,12811000000.0,16395000000.0,36289000000.0,,4461000000.0,5672000000.0,512000000.0,6602000000.0,6184000000.0,pretax_plus_interest,False
SLB,87347,SLB LIMITED/NV,2025,2025-12-31,54868000000.0,27577000000.0,26109000000.0,27291000000.0,19513000000.0,14721000000.0,18067000000.0,35708000000.0,,3374000000.0,4291000000.0,558000000.0,6489000000.0,4849000000.0,pretax_plus_interest,False
UNH,731766,UnitedHealth Group Incorporated,2021,2021-12-31,212206000000.0,135727000000.0,75045000000.0,75045000000.0,61758000000.0,78292000000.0,77134000000.0,287597000000.0,23970000000.0,17285000000.0,22310000000.0,1660000000.0,22343000000.0,23970000000.0,operating_income,False
UNH,731766,UnitedHealth Group Incorporated,2022,2022-12-31,245705000000.0,159358000000.0,81450000000.0,81450000000.0,69069000000.0,89237000000.0,86156000000.0,324162000000.0,28435000000.0,20120000000.0,26343000000.0,2092000000.0,26206000000.0,28435000000.0,operating_income,False
UNH,731766,UnitedHealth Group Incorporated,2023,2023-12-31,273720000000.0,174801000000.0,94421000000.0,94421000000.0,78437000000.0,99054000000.0,95774000000.0,371622000000.0,32358000000.0,22381000000.0,29112000000.0,3246000000.0,29068000000.0,32358000000.0,operating_income,False
UNH,731766,UnitedHealth Group Incorporated,2024,2024-12-31,298278000000.0,195687000000.0,98268000000.0,98268000000.0,85779000000.0,103769000000.0,96036000000.0,400278000000.0,32287000000.0,14405000000.0,20071000000.0,3906000000.0,24204000000.0,32287000000.0,operating_income,False
UNH,731766,UnitedHealth Group Incorporated,2025,2025-12-31,309581000000.0,207883000000.0,100090000000.0,100090000000.0,90582000000.0,114897000000.0,95603000000.0,447567000000.0,18964000000.0,12056000000.0,14697000000.0,4002000000.0,19697000000.0,18964000000.0,operating_income,False
UPS,1090727,UNITED PARCEL SERVICE INC,2021,2021-12-31,69405000000.0,55136000000.0,14253000000.0,14269000000.0,24934000000.0,17569000000.0,16179000000.0,97287000000.0,12810000000.0,12890000000.0,16595000000.0,694000000.0,15007000000.0,12810000000.0,operating_income,True
UPS,1090727,UNITED PARCEL SERVICE INC,2022,2022-12-31,71124000000.0,51321000000.0,19786000000.0,19803000000.0,22217000000.0,18140000000.0,21326000000.0,100338000000.0,13094000000.0,11548000000.0,14825000000.0,704000000.0,14104000000.0,13094000000.0,operating_income,True
UPS,1090727,UNITED PARCEL SERVICE INC,2023,2023-12-31,70857000000.0,53543000000.0,17306000000.0,17314000000.0,19413000000.0,17676000000.0,21055000000.0,90958000000.0,9141000000.0,6708000000.0,8573000000.0,785000000.0,10238000000.0,9141000000.0,operating_income,True
UPS,1090727,UNITED PARCEL SERVICE INC,2024,2024-12-31,70070000000.0,53327000000.0,16718000000.0,16743000000.0,19310000000.0,16441000000.0,20882000000.0,91070000000.0,8468000000.0,5782000000.0,7442000000.0,866000000.0,10122000000.0,8468000000.0,operating_income,True
UPS,1090727,UNITED PARCEL SERVICE INC,2025,2025-12-31,73090000000.0,56835000000.0,16227000000.0,16255000000.0,19045000000.0,15620000000.0,20151000000.0,88661000000.0,7867000000.0,5572000000.0,7164000000.0,1017000000.0,8450000000.0,7867000000.0,operating_income,True
WMT,104169,WALMART INC.,2022,2022-01-31,244860000000.0,152969000000.0,83253000000.0,91891000000.0,81070000000.0,87379000000.0,86904000000.0,572754000000.0,25942000000.0,13673000000.0,18696000000.0,1674000000.0,24181000000.0,25942000000.0,operating_income,True
WMT,104169,WALMART INC.,2023,2023-01-31,243197000000.0,159443000000.0,76693000000.0,83754000000.0,75655000000.0,92198000000.0,83135000000.0,611289000000.0,20428000000.0,11680000000.0,17016000000.0,1787000000.0,28841000000.0,20428000000.0,operating_income,True
WMT,104169,WALMART INC.,2024,2024-01-31,252399000000.0,162050000000.0,83861000000.0,90349000000.0,76877000000.0,92415000000.0,89814000000.0,648125000000.0,27012000000.0,15511000000.0,21848000000.0,2259000000.0,35726000000.0,27012000000.0,operating_income,True
WMT,104169,WALMART INC.,2025,2025-01-31,260823000000.0,163402000000.0,91013000000.0,97421000000.0,79458000000.0,96584000000.0,98313000000.0,680985000000.0,29348000000.0,19436000000.0,26309000000.0,2249000000.0,36443000000.0,29348000000.0,operating_income,True
WMT,104169,WALMART INC.,2026,2026-01-31,284668000000.0,178781000000.0,99617000000.0,105887000000.0,84874000000.0,107469000000.0,104774000000.0,713163000000.0,29825000000.0,21893000000.0,29469000000.0,2318000000.0,41565000000.0,29825000000.0,operating_income,True
XOM,34088,Exxon Mobil Corporation,2021,2021-12-31,338923000000.0,163240000000.0,168577000000.0,175683000000.0,59154000000.0,56643000000.0,392059000000.0,285640000000.0,,23040000000.0,31234000000.0,947000000.0,48129000000.0,32181000000.0,pretax_plus_interest,False
XOM,34088,Exxon Mobil Corporation,2022,2022-12-31,369067000000.0,166594000000.0,195049000000.0,202473000000.0,97631000000.0,69045000000.0,432860000000.0,413680000000.0,,55740000000.0,77753000000.0,798000000.0,76797000000.0,78551000000.0,pretax_plus_interest,False
XOM,34088,Exxon Mobil Corporation,2023,2023-12-31,376317000000.0,163779000000.0,204802000000.0,212538000000.0,96609000000.0,65316000000.0,453927000000.0,344582000000.0,,36010000000.0,52783000000.0,849000000.0,55369000000.0,53632000000.0,pretax_plus_interest,False
XOM,34088,Exxon Mobil Corporation,2024,2024-12-31,453475000000.0,182869000000.0,263705000000.0,270606000000.0,91990000000.0,70307000000.0,470903000000.0,349585000000.0,,33680000000.0,48873000000.0,996000000.0,55022000000.0,49869000000.0,pretax_plus_interest,False
XOM,34088,Exxon Mobil Corporation,2025,2025-12-31,448980000000.0,182354000000.0,259386000000.0,266626000000.0,83382000000.0,72330000000.0,482494000000.0,332238000000.0,,28844000000.0,41268000000.0,603000000.0,51970000000.0,41871000000.0,pretax_plus_interest,False
