ticker,sector,period_end,liabilities_to_assets,ocf_to_liabilities,current_ratio,roa,net_margin,altman_z2,altman_zone,composite_score,tier,tier_label,equity_vol,max_drawdown
NVDA,Technology,2026-01-25,0.23940658501085574,2.0746919814178955,3.905263812455306,0.5805863551302447,0.5560253406070261,12.853656588018772,safe,100.0,Tier 1,Strongest,0.5198838311147406,-0.6633508587870276
MSFT,Technology,2026-06-30,0.41666534805953775,0.5789283804183057,1.2303272619576484,0.17636238488559763,0.4030538905915218,4.593026293051389,safe,84.0,Tier 1,Strongest,0.2819725390461037,-0.37148493864282095
ABT,Health Care,2025-12-31,0.39142919746750776,0.2818337163396382,1.5758971871968963,0.07523670037941255,0.14717560007218913,4.8269552439739005,safe,82.675,Tier 1,Strongest,0.2303888539491832,-0.39639995020497754
XOM,Energy,2025-12-31,0.40615172168025304,0.2849951193831778,1.1527996681874741,0.06424339614236714,0.08681728158729586,5.785068263507073,safe,72.24166666666667,Tier 1,Strongest,0.2654118024832719,-0.20508645200055975
COP,Energy,2025-12-31,0.47115360959168107,0.34456589848917357,1.297360507851654,0.06550816391802458,0.1355184581976113,3.973423087542038,safe,68.225,Tier 2,Strong,0.3258377675636495,-0.3629585664012962
MRK,Health Care,2025-12-31,0.6152294945421068,0.19562016056244358,1.5362022099057437,0.13337132669910715,0.2807832520650351,4.2255581289406265,safe,64.81666666666666,Tier 2,Strong,0.2467688432614941,-0.43443401982640384
JNJ,Health Care,2025-12-28,0.5906631193213192,0.2084714360987881,1.027676163027011,0.13455147833944078,0.2845646704107524,4.674074370982248,safe,63.83333333333333,Tier 2,Strong,0.17610701159692688,-0.1841167662077985
PG,Consumer,2026-06-30,0.5707352929553197,0.27082121589807506,0.6773143122964801,0.12682479588368728,0.18436896773600514,4.691660723254215,safe,63.09166666666667,Tier 2,Strong,0.1819633313736577,-0.23772451821225815
SLB,Energy,2025-12-31,0.5026062550120288,0.23530478297131668,1.3255213640377692,0.061493037836261574,0.0944886299988798,3.2343771560793297,safe,58.808333333333344,Tier 2,Strong,0.3753908106120297,-0.46630970772347013
CVX,Energy,2025-12-31,0.40688616470994904,0.2574334779574623,1.1547009315002845,0.03795847067392566,0.0650634022990938,4.0905015479308355,safe,58.333333333333336,Tier 2,Strong,0.2514357894707467,-0.2494893624884571
KO,Consumer,2025-12-31,0.6729983971912685,0.10501694050268638,1.4587660354306657,0.1250477026408182,0.2733985523873094,4.472224998658394,safe,55.258333333333326,Tier 2,Strong,0.16667712085790695,-0.17274750238430336
AAPL,Technology,2025-09-27,0.7947533828265705,0.39046891855919974,0.8932929222186667,0.3117962593356549,0.2691506412181824,2.307830526564303,grey,50.766666666666666,Tier 3,Adequate,0.28065788145206505,-0.3336052559468633
CAT,Industrials,2025-12-31,0.7837602069280316,0.15192773111418847,1.4356638765796816,0.09009484201450525,0.13141191614020034,4.27383423505029,safe,50.400000000000006,Tier 3,Adequate,0.3174733887620687,-0.34047145309090865
MCD,Consumer,2025-12-31,1.0300932538015626,0.17210387237790756,0.9545975693648245,0.1438796941947408,0.31850474242142457,5.196602345418416,safe,49.70833333333333,Tier 3,Adequate,0.17887915511649594,-0.3096025150276075
CSCO,Technology,2026-07-25,0.6121091972199295,0.1786596431091844,0.9311258278145695,0.10233960983361232,0.20950651401500198,1.3566431928478275,grey,42.425,Tier 4,Weaker,0.25915933721588275,-0.3667504706063478
HD,Consumer,2026-02-01,0.8780817355725772,0.17690340478099736,1.06066493955095,0.13469717874304202,0.08595908503002739,4.536815047771515,safe,42.39166666666667,Tier 4,Weaker,0.2464856300347858,-0.34729353568779886
OXY,Energy,2025-12-31,0.5652721355094671,0.22131629822644364,0.9362537123462028,0.028140070795619223,0.10971148057240772,1.9317551820082037,grey,42.31666666666666,Tier 4,Weaker,0.37895326117843914,-0.5077284579396055
PFE,Health Care,2025-12-31,0.5831331667947732,0.09642048028998641,1.1599069868051048,0.037331860107609534,0.12417903769635182,3.058311831376316,safe,40.425,Tier 4,Weaker,0.2533200151028271,-0.5896199452755433
WMT,Consumer,2026-01-31,0.628033358157573,0.23249114838825155,0.7897533242144247,0.07690713392443127,0.03069845182658102,1.9683008953014745,grey,38.47500000000001,Tier 4,Weaker,0.22520545592287974,-0.25739688365401747
HON,Industrials,2025-12-31,0.7960125405464096,0.10925644916540213,1.2978132741095072,0.0641820822192967,0.12630201378131511,3.8658456667844705,safe,38.21666666666667,Tier 4,Weaker,0.22717363509561062,-0.2521351717981475
UPS,Industrials,2025-12-31,0.7776029552606376,0.14867599190639572,1.219270166453265,0.07623477903954029,0.06284612174462277,2.2292772617236616,grey,36.40833333333333,Tier 4,Weaker,0.2896069934805994,-0.5791772306301188
ORCL,Technology,2026-05-31,0.8355128190434713,0.14621198611816025,1.1150033521693323,0.06527760268032809,0.2536781626260077,0.7997930359325073,distress,27.883333333333333,Tier 5,Weakest,0.43863355037273266,-0.6457813296858512
DE,Industrials,2025-11-02,0.7546416845918714,0.0932503219192639,,0.04742631797426318,0.1100385255231591,,,26.153846153846153,Tier 5,Weakest,0.2975768107701228,-0.3381212176685202
UNH,Health Care,2025-12-31,0.6714979278444091,0.09475041249164193,0.7883756756051071,0.03894295838568904,0.026936749134766416,1.4086943858832135,grey,20.78333333333333,Tier 5,Weakest,0.32105788283637016,-0.6139086487241958
BA,Industrials,2025-12-31,0.9675632300056468,0.006542653184091216,1.1881700041622347,0.013284988260468986,0.024982394956574228,1.3337602933858632,grey,14.016666666666667,Tier 5,Weakest,0.36744176144431956,-0.5029387685844775
