ticker,fiscal_year,period_end,liabilities_to_assets,liabilities_to_equity,current_ratio,ocf_to_liabilities,net_margin,roa,altman_z2,altman_zone,negative_equity
AAPL,2021,2021-09-25,0.8202574344305731,4.563512442542399,1.0745531195957954,0.3613534691155631,0.2588179335569424,0.26974205275183616,2.542432297430633,grey,False
AAPL,2022,2022-09-24,0.8563535598361469,5.961536943479634,0.8793560286267226,0.4043623772274507,0.2530964070519973,0.2829244092925685,2.0775899777330267,grey,False
AAPL,2023,2023-09-30,0.8237407929480435,4.673462491552152,0.9880116717592975,0.38060921989966845,0.2530623426432028,0.27509834563776475,2.3687851572813625,grey,False
AAPL,2024,2024-09-28,0.8439640528248123,5.408779631255487,0.8673125765340832,0.38390416517871634,0.23971255769943867,0.25682503150857583,1.8710225662241713,grey,False
AAPL,2025,2025-09-27,0.7947533828265705,3.872187487285205,0.8932929222186667,0.39046891855919974,0.2691506412181824,0.3117962593356549,2.307830526564303,grey,False
ABT,2021,2021-12-31,0.520931964466195,1.0941288196190158,1.8495993895459748,0.26889104462371083,0.16415554265815438,0.0940342571413373,4.050740549139516,safe,False
ABT,2022,2022-12-31,0.5042182756119187,1.0230878264187973,1.6285105558783652,0.25526869688007886,0.15882069960827436,0.09313791343131196,4.183187895337237,safe,False
ABT,2023,2023-12-31,0.4696779304504603,0.8907856902313291,1.6378874358789104,0.21115537848605578,0.14268618015906653,0.07816810992433142,4.236571175613361,safe,False
ABT,2024,2024-12-31,0.4116368192202815,0.7031092648539778,1.6709754891573074,0.25536359024856026,0.3194755661501788,0.1646154224089223,4.714536330914157,safe,False
ABT,2025,2025-12-31,0.39142919746750776,0.6511030117015154,1.5758971871968963,0.2818337163396382,0.14717560007218913,0.07523670037941255,4.8269552439739005,safe,False
BA,2021,2021-12-31,1.1071511057220393,,1.325324421894819,-0.022268869216026284,-0.06746299328902161,-0.030327963508285698,1.8306510762354575,grey,True
BA,2022,2022-12-31,1.1155944566010212,,1.2162195176120463,0.02296205246227476,-0.0740901993754504,-0.03599562363238512,1.3509478106726087,grey,True
BA,2023,2023-12-31,1.1257408110238518,,1.14033623091613,0.038641078838174275,-0.028562614083348332,-0.01621755758619683,1.1370466169207183,grey,True
BA,2024,2024-12-31,1.0250314972212096,,1.318506767753765,-0.07536951652451693,-0.17765383285475894,-0.0755741447784962,1.1317324810918485,grey,True
BA,2025,2025-12-31,0.9675632300056468,29.845617895122846,1.1881700041622347,0.006542653184091216,0.024982394956574228,0.013284988260468986,1.3337602933858632,grey,False
CAT,2021,2021-12-31,0.8005145362530649,4.012896585129571,1.455925218614936,0.10860479502693242,0.12738616075807813,0.07842450448709432,3.444871870782342,safe,False
CAT,2022,2022-12-31,0.8060725138205826,4.156566610030835,1.3886334083917415,0.1175740325803912,0.1128106752822791,0.08181296755061446,3.6129574536833227,safe,False
CAT,2023,2023-12-31,0.7770474187205634,3.4852586781520793,1.3519062428011979,0.18956056081091022,0.15407098121085594,0.1181123965430518,4.123760541029296,safe,False
CAT,2024,2024-12-31,0.7778815915409507,3.5021032112444854,1.4155304908279622,0.17628533762999854,0.1664583622645003,0.12292055968278565,4.507706438002065,safe,False
CAT,2025,2025-12-31,0.7837602069280316,3.624495731306877,1.4356638765796816,0.15192773111418847,0.13141191614020034,0.09009484201450525,4.27383423505029,safe,False
COP,2021,2021-12-31,0.4991672273634749,0.9966744483107959,1.3351634639381083,0.37556071152358855,0.17628960460853627,0.08911218715875624,3.8155815513343336,safe,False
COP,2022,2022-12-31,0.48839910901746797,0.9546486677915964,1.4594068654160504,0.6178588574171867,0.23797997299156623,0.19908557055920878,5.433289080065695,safe,False
COP,2023,2023-12-31,0.4862703807180685,0.946549240041397,1.4322838580709645,0.4280201522135277,0.19516930585490105,0.11422584546098995,4.618094496898872,safe,False
COP,2024,2024-12-31,0.47225932562306566,0.894870053707019,1.2905806664467172,0.3470612582781457,0.1688738697597954,0.07529727968724548,3.883756901308969,safe,False
COP,2025,2025-12-31,0.47115360959168107,0.8909082450726503,1.297360507851654,0.34456589848917357,0.1355184581976113,0.06550816391802458,3.973423087542038,safe,False
CSCO,2022,2022-07-30,0.5768919810216804,1.3634626505418248,1.4320202808112326,0.24389164469195448,0.22910565005721822,0.12565690091700177,2.495985424037637,grey,False
CSCO,2023,2023-07-29,0.5645348152220869,1.2963948323675962,1.3845220224216679,0.34584949303466145,0.2212884662619741,0.12383654714684052,2.629512914330828,safe,False
CSCO,2024,2024-07-27,0.6346282140933825,1.7369382053369118,0.9082889808791642,0.1377982673894321,0.1918108655651172,0.08294953099756457,1.0946828087738676,distress,False
CSCO,2025,2025-07-26,0.6169546409793034,1.6106568750933972,0.9977754962354551,0.18811631852401653,0.17968722420305716,0.08324406538502424,1.295279239468017,grey,False
CSCO,2026,2026-07-25,0.6121091972199295,1.578045142686686,0.9311258278145695,0.1786596431091844,0.20950651401500198,0.10233960983361232,1.3566431928478275,grey,False
CVX,2021,2021-12-31,0.4157847496190536,0.716165589248348,1.2593034974431712,0.2930568803654802,0.09617456067460683,0.06523055085895589,4.536469299584142,safe,False
CVX,2022,2022-12-31,0.37820565055935185,0.6119147172938562,1.4716732927970066,0.5089107082397119,0.1440191348699706,0.13761645887415652,5.839183173135355,safe,False
CVX,2023,2023-12-31,0.38108106042074363,0.6194387320837242,1.2749705499411,0.3571507376909421,0.1063404147320962,0.08167578889432485,5.181754480717375,safe,False
CVX,2024,2024-12-31,0.40391456304633805,0.6813442928609882,1.0610249494268376,0.3034466809917037,0.08708923428932108,0.06873642668659365,4.947905435221374,safe,False
CVX,2025,2025-12-31,0.40688616470994904,0.7070850093858944,1.1547009315002845,0.2574334779574623,0.0650634022990938,0.03795847067392566,4.0905015479308355,safe,False
DE,2021,2021-10-31,0.7808450436312623,3.5635613911345017,,0.11763093788063338,0.13544884608395422,0.07089188482297834,,,False
DE,2022,2022-10-30,0.7738864822836832,3.438604283881157,,0.06744362952650237,0.13562964794491889,0.07920693102299234,,,False
DE,2023,2023-10-29,0.7897335882482923,3.7732843699793435,,0.10448777995401516,0.1659728004440744,0.09766829671332636,,,False
DE,2024,2024-10-27,0.7863865076407007,3.695699772289368,,0.10937851768469696,0.13728826668729213,0.06615728661945583,,,False
DE,2025,2025-11-02,0.7546416845918714,3.0824277456647398,,0.0932503219192639,0.1100385255231591,0.04742631797426318,,,False
HD,2022,2022-01-30,1.0235961934442652,,1.012616317568745,0.22523514380470833,0.1087147799969568,0.2286298625410429,5.228095211802047,safe,True
HD,2023,2023-01-29,0.9795670089606907,47.9404609475032,1.4050627434011251,0.1951711336351375,0.10867010158637383,0.2237556413107463,6.217614117148921,safe,False
HD,2024,2024-01-28,0.986358290866327,72.30459770114942,1.3524869407222349,0.2804758498264579,0.09918844035134834,0.19787011629426368,6.1477276997467225,safe,False
HD,2025,2025-02-02,0.9309189650329279,13.475753012048193,1.1054394473326123,0.22139272902021703,0.09281943904610254,0.15403822345217907,4.8257471851085185,safe,False
HD,2026,2026-02-01,0.8780817355725772,7.202216498868337,1.06066493955095,0.17690340478099736,0.08595908503002739,0.13469717874304202,4.536815047771515,safe,False
HON,2021,2021-12-31,0.7015355979525361,2.435672357154397,1.3005946278449867,0.13350137083222782,0.1611421260758316,0.08596246316116023,3.9832565721815314,safe,False
HON,2022,2022-12-31,0.7218948213568848,2.6924597233035876,1.2529842511786538,0.11731470771420945,0.14002142897422884,0.07974307507025291,4.147499616364263,safe,False
HON,2023,2023-12-31,0.7328890694839496,2.843781533804238,1.2677059172555154,0.11842718059036171,0.1714077978733073,0.09196261682242991,4.266702172711356,safe,False
HON,2024,2024-12-31,0.7452790042023512,3.009936086793061,1.3129469326307865,0.10879340494629028,0.16432871503874183,0.07586839725517315,3.8181975076488257,safe,False
HON,2025,2025-12-31,0.7960125405464096,4.21828250863061,1.2978132741095072,0.10925644916540213,0.12630201378131511,0.0641820822192967,3.8658456667844705,safe,False
JNJ,2022,2022-01-02,0.5933204408355217,1.4589384380530375,1.3483173395834254,0.2167692948747627,0.2651511303022606,0.1147029414673274,4.20628621832092,safe,False
JNJ,2023,2023-01-01,0.5901119661859984,1.4396906411124422,0.9908963836421634,0.19167254508293088,0.22429053631703963,0.09574763312662106,3.6486597706343664,safe,False
JNJ,2023,2023-12-31,0.5895510808197758,1.4363567627301015,1.1558489261483946,0.23071550048590864,0.41279254101151963,0.20979601093352748,4.641601983459804,safe,False
JNJ,2024,2024-12-29,0.6030626748989473,1.5192894111064486,1.1107291190556627,0.2234150293700628,0.1583634500850024,0.07809932039266201,4.364774559049504,safe,False
JNJ,2025,2025-12-28,0.5906631193213192,1.4429755714706172,1.027676163027011,0.2084714360987881,0.2845646704107524,0.13455147833944078,4.674074370982248,safe,False
KO,2021,2021-12-31,0.7365241537189732,3.0216096352015307,1.130075187969925,0.1816703600310818,0.2527745440434614,0.1035568179409458,3.649311349686544,safe,False
KO,2022,2022-12-31,0.7215915828509212,2.7768927608380003,1.1453559115798013,0.16460253671362624,0.2218863361547763,0.10286428856332805,3.8669893092790453,safe,False
KO,2023,2023-12-31,0.7187394450528642,2.707027485447747,1.1341054685842773,0.16517380345470858,0.23416531887922368,0.10965886410857395,3.8399268590915057,safe,False
KO,2024,2024-12-31,0.73771991765209,2.98426939169617,1.0296249356410154,0.09174002723216092,0.22589830220352308,0.1057295447990532,3.534265025071942,safe,False
KO,2025,2025-12-31,0.6729983971912685,2.1928253909042867,1.4587660354306657,0.10501694050268638,0.2733985523873094,0.1250477026408182,4.472224998658394,safe,False
MCD,2021,2021-12-31,1.0854342178804663,,1.7782338308457712,0.15638445102497123,0.32490343583273407,0.14010394713142682,5.073459362917779,safe,True
MCD,2022,2022-12-31,1.1190221270521057,,1.426632650377423,0.13088467194670353,0.2664452400465859,0.12247204377825363,5.19657545321366,safe,True
MCD,2023,2023-12-31,1.0838335084688406,,1.1643096661320893,0.15795181910802905,0.33219581077900684,0.15083619783781857,5.130206353879639,safe,True
MCD,2024,2024-12-31,1.0688086694936754,,1.191142191142191,0.16017565574187423,0.31724537037037037,0.1490159834728716,5.394776898354507,safe,True
MCD,2025,2025-12-31,1.0300932538015626,,0.9545975693648245,0.17210387237790756,0.31850474242142457,0.1438796941947408,5.196602345418416,safe,True
MRK,2021,2021-12-31,0.638040002270706,1.7661062225015713,1.2678451742627346,0.19458160950220205,0.26792460578186594,0.12346017749351902,3.5812332427125937,safe,False
MRK,2022,2022-12-31,0.5780688897031879,1.3720510534669828,1.473740665869054,0.30260530569554056,0.24491000792807383,0.13300659582264565,4.351031218453725,safe,False
MRK,2023,2023-12-31,0.6471994375439418,1.8370985338335861,1.251965439402195,0.1883835457705678,0.006071695916160692,0.003421607686899461,2.807900670150154,safe,False
MRK,2024,2024-12-31,0.6040168736016942,1.5273033489516983,1.3646023926812103,0.3035032657562134,0.2667528986410672,0.1461667207487234,4.240597926721809,safe,False
MRK,2025,2025-12-31,0.6152294945421068,1.6006539178040529,1.5362022099057437,0.19562016056244358,0.2807832520650351,0.13337132669910715,4.2255581289406265,safe,False
MSFT,2022,2022-06-30,0.5435204473193729,1.1906786276134549,1.7846069708251824,0.44899595558200284,0.3668633681343622,0.19936958666812848,4.51215083326049,safe,False
MSFT,2023,2023-06-30,0.499429578422044,0.9977209137681055,1.76916725076573,0.425665725408621,0.3414623787839464,0.175643726819038,4.712387244155643,safe,False
MSFT,2024,2024-06-30,0.47579774407756903,0.9076606189729474,1.2749549031815206,0.48647850102180673,0.35955972944084985,0.17208583985957596,4.135985039504805,safe,False
MSFT,2025,2025-06-30,0.44510931287893596,0.8021567548525529,1.3534464445042416,0.49419288337858047,0.3614601524896707,0.16450970350709124,4.485273141281513,safe,False
MSFT,2026,2026-06-30,0.41666534805953775,0.7142818392041358,1.2303272619576484,0.5789283804183057,0.4030538905915218,0.17636238488559763,4.593026293051389,safe,False
NVDA,2022,2022-01-30,0.3977414171588929,0.6604163535247257,6.650288350634371,0.5182361308677098,0.3623393029649996,0.22069839545567702,7.951104206578911,safe,False
NVDA,2023,2023-01-29,0.46333349521635664,0.8633545993393964,3.515617857687033,0.2956344007127509,0.16193371394676356,0.10606575688407557,5.340520676531425,safe,False
NVDA,2024,2024-01-28,0.346123417721519,0.529340592861464,4.171291505973097,1.2347252747252748,0.4884934834706674,0.4527750730282376,10.198350182570595,safe,False
NVDA,2025,2025-01-26,0.28919095707027714,0.4068476054811098,4.439851498864077,1.9857780256553264,0.5584802715771244,0.6530407433625147,13.121999380823091,safe,False
NVDA,2026,2026-01-25,0.23940658501085574,0.3147628947251308,3.905263812455306,2.0746919814178955,0.5560253406070261,0.5805863551302447,12.853656588018772,safe,False
ORCL,2022,2022-05-31,1.0527736351409462,,1.6212905540464353,0.08290096901751184,0.15827049952874647,0.0614563986202732,0.40791666009625116,distress,True
ORCL,2023,2023-05-31,0.9884212406238838,123.79123951537744,0.9096578605456908,0.12922727135844853,0.17021659927132962,0.06327390165495893,-0.10864799361517291,distress,False
ORCL,2024,2024-05-31,0.9344640222449211,15.135225183823529,0.7150012680699974,0.14174453646280089,0.19763599629916354,0.07424668028600613,-0.14037402244662958,distress,False
ORCL,2025,2025-05-31,0.8754521534084497,7.207080338369762,0.7529638819961401,0.1412627551020408,0.21678078015296434,0.07390666484518386,0.23732803300277788,distress,False
ORCL,2026,2026-05-31,0.8355128190434713,5.144984473510869,1.1150033521693323,0.14621198611816025,0.2536781626260077,0.06527760268032809,0.7997930359325073,distress,False
OXY,2021,2021-12-31,0.7291033637187483,2.6914448762729375,1.2266938971648247,0.19071816337348516,0.08945908460471567,0.030945146329761714,1.2260864303251506,grey,False
OXY,2022,2022-12-31,0.5856574253880373,1.413461858068805,1.1455459584891066,0.3953061800395071,0.3631599060981602,0.18322797449352007,2.9874935901803954,safe,False
OXY,2023,2023-12-31,0.589922711058264,1.4432727272727273,0.9155006558810669,0.28191209143590096,0.20279841077906374,0.0634525997189493,2.0337174216544014,grey,False
OXY,2024,2024-12-31,0.5964655626426356,1.4919933253315378,0.952631026152715,0.22444815069165114,0.1397883645942141,0.036023172801217154,1.8859735982769943,grey,False
OXY,2025,2025-12-31,0.5652721355094671,1.3206416162513182,0.9362537123462028,0.22131629822644364,0.10971148057240772,0.028140070795619223,1.9317551820082037,grey,False
PFE,2021,2021-12-31,0.5731501686173378,1.347301200761648,1.3989126104380023,0.3132300770096046,0.27038431256766066,0.12111243360003526,4.200031605696336,safe,False
PFE,2022,2022-12-31,0.5136178088790853,1.0588222995787206,1.216455455883051,0.28894834531237656,0.3100765999505807,0.1590831875459547,4.597917964285128,safe,False
PFE,2023,2023-12-31,0.6057942349040402,1.5414766216550206,0.9066619240908901,0.063405070948088,0.03558175070945208,0.009355367084472033,2.3523314465751737,grey,False
PFE,2024,2024-12-31,0.5852921329359501,1.4160402707390904,1.1712524712175834,0.10203444383061513,0.1262200009429959,0.03763425743687792,3.1010183845011934,safe,False
PFE,2025,2025-12-31,0.5831331667947732,1.40368425921643,1.1599069868051048,0.09642048028998641,0.12417903769635182,0.037331860107609534,3.058311831376316,safe,False
PG,2022,2022-06-30,0.6002491297522353,1.50155803133137,0.6545449049303226,0.23769792762316286,0.18384526170077445,0.12577639751552794,4.208029218835237,safe,False
PG,2023,2023-06-30,0.6104825828236599,1.5672792945925846,0.6334041839131894,0.22840409956076135,0.17868204765504964,0.12127055590959124,4.155092600984988,safe,False
PG,2024,2024-06-30,0.5868350085805344,1.4203405921794339,0.7347964433342254,0.276364345295289,0.17704875117504967,0.12159025905042085,4.5779794168157535,safe,False
PG,2025,2025-06-30,0.5824915556052415,1.395187820365695,0.7041987908369849,0.24424917061936227,0.1895258886621423,0.1275562760019484,4.674728647013468,safe,False
PG,2026,2026-06-30,0.5707352929553197,1.3295649131851743,0.6773143122964801,0.27082121589807506,0.18436896773600514,0.12682479588368728,4.691660723254215,safe,False
SLB,2021,2021-12-31,0.6317602563176026,1.7478672354038922,1.2215464813205907,0.17734985700667302,0.08203584979720005,0.045313290453132905,2.1520496079473026,grey,False
SLB,2022,2022-12-31,0.5829604729338125,1.421882951653944,1.2483774338492262,0.14793605344786448,0.12249474920793137,0.07977280630578416,2.7831881378392933,safe,False
SLB,2023,2023-12-31,0.5546218487394958,1.3174500965872504,1.3227323628219485,0.2495300398526205,0.12684472612041647,0.08764101173968347,3.2198658741637867,safe,False
SLB,2024,2024-12-31,0.5432716869316441,1.258163748225272,1.4495355553820934,0.24833552755313146,0.12292981344208989,0.09116174517216716,3.5480106799178337,safe,False
SLB,2025,2025-12-31,0.5026062550120288,1.0562258225133097,1.3255213640377692,0.23530478297131668,0.0944886299988798,0.061493037836261574,3.2343771560793297,safe,False
UNH,2021,2021-12-31,0.639600199805849,1.808608168432274,0.7888162264343739,0.16461720954563205,0.060101461419973086,0.08145387029584461,2.0134674005570306,grey,False
UNH,2022,2022-12-31,0.6485745100832299,1.956513198281154,0.7739950917220435,0.16444734497169894,0.062067731566315607,0.08188681549012027,1.9190164585770766,grey,False
UNH,2023,2023-12-31,0.6386124506795265,1.8512936740767414,0.7918610051083248,0.16629195485151688,0.06022517504345814,0.08176603828730089,2.008137927949187,grey,False
UNH,2024,2024-12-31,0.6560557600627602,1.9913603614604958,0.8266341585637329,0.12368731699090896,0.03598748869535673,0.04829387350055988,1.908645461925806,grey,False
UNH,2025,2025-12-31,0.6714979278444091,2.076960735338196,0.7883756756051071,0.09475041249164193,0.026936749134766416,0.03894295838568904,1.4086943858832135,grey,False
UPS,2021,2021-12-31,0.7944096246668108,3.868378586964148,1.4192042802663782,0.2721815147997678,0.13249457789838315,0.18572148980620992,2.96779550179772,safe,False
UPS,2022,2022-12-31,0.7215707777965243,2.5938036995855653,1.2247519294377067,0.27481927476081913,0.1150909924455341,0.16236432146673416,2.995491397783468,safe,False
UPS,2023,2023-12-31,0.7556487009046389,3.0938980700335144,1.0982688391038697,0.19121080253254394,0.07374832340200972,0.09466954570472924,2.3358147456991505,grey,False
UPS,2024,2024-12-31,0.7610532324818039,3.189795430075368,1.174502767471565,0.18981003994224313,0.06348962336664105,0.08251748251748252,2.3814213250296716,grey,False
UPS,2025,2025-12-31,0.7776029552606376,3.502495840266223,1.219270166453265,0.14867599190639572,0.06284612174462277,0.07623477903954029,2.2292772617236616,grey,False
WMT,2022,2022-01-31,0.6247202483051539,1.837399252879776,0.9277972968333352,0.15807778046532303,0.0238723780191845,0.05584007187780773,2.2714118761963533,grey,False
WMT,2023,2023-01-31,0.6556125281150672,2.078977220867615,0.8205709451398078,0.18088595924562384,0.01910716535059522,0.04802690822666398,1.7376953394844628,grey,False
WMT,2024,2024-01-31,0.6420389938153479,1.9323642694458687,0.8318671211383434,0.22046282011724777,0.023932111861137896,0.0614542846841707,2.0187580420359663,grey,False
WMT,2025,2025-01-31,0.626486161113092,1.7953698922132002,0.8226828460200447,0.22302664594068616,0.028541010448100913,0.07451796812397679,2.1390425831230804,grey,False
WMT,2026,2026-01-31,0.628033358157573,1.7946836383348224,0.7897533242144247,0.23249114838825155,0.03069845182658102,0.07690713392443127,1.9683008953014745,grey,False
XOM,2021,2021-12-31,0.48164332311468977,0.9683408768693238,1.0443302791165723,0.29483582455280566,0.0806609718526817,0.06798004266455802,5.542099015205359,safe,False
XOM,2022,2022-12-31,0.45139229462401137,0.8541135817153638,1.414019842131943,0.4609829885830222,0.13474182943337845,0.151029487870766,6.991199533651919,safe,False
XOM,2023,2023-12-31,0.43521552308293276,0.7996943389224714,1.4791015983832445,0.33807142551853414,0.10450342734095222,0.0956906012749889,6.748555043421955,safe,False
XOM,2024,2024-12-31,0.403261480787254,0.6934604956295861,1.3084045685351386,0.300882052179429,0.09634280647052934,0.07427090798831247,5.95210543577415,safe,False
XOM,2025,2025-12-31,0.40615172168025304,0.703021751366689,1.1527996681874741,0.2849951193831778,0.08681728158729586,0.06424339614236714,5.785068263507073,safe,False
