,beta_mkt,beta_rate,sector
AAPL,1.1839382331625832,0.0010591497134377903,Technology
MSFT,1.149349381551841,0.007568261407534527,Technology
NVDA,2.182116871187215,0.021399853463201612,Technology
ORCL,1.2412394158552558,0.0013591726958470662,Technology
CSCO,0.8534884495452374,0.013489088128891602,Technology
JPM,0.8961243572171695,0.03585908028312201,Financials
BAC,0.9693642296823879,0.025057404257649685,Financials
GS,1.1657441004857634,0.008532794738836502,Financials
MS,1.1811747459422965,0.01649004564058587,Financials
WFC,0.9961349491253428,0.048508079361254675,Financials
JNJ,0.1541339976759187,-0.018659435254896495,Health Care
PFE,0.3894036791690238,-0.027175623526188297,Health Care
MRK,0.2691588204236648,-0.01128815062512395,Health Care
UNH,0.4180792078623339,0.005338524394676691,Health Care
ABT,0.49658092526391817,-0.020568137277953424,Health Care
XOM,0.39733438124801235,0.04632770112092954,Energy
CVX,0.46668049548291074,0.04137499026132985,Energy
COP,0.6033220758543187,0.06471553515998052,Energy
SLB,0.8453274213111653,0.06226268746289565,Energy
OXY,0.6621348819987803,0.058539477103132787,Energy
WMT,0.4099121470396161,-0.008435510506043797,Consumer
PG,0.2777693144961003,-0.024464624923954514,Consumer
KO,0.24909614352324655,-0.018621764389745887,Consumer
MCD,0.3533936571173966,-0.01591284552586969,Consumer
HD,0.8172286680792427,-0.05965366497965252,Consumer
CAT,1.0716153496474907,0.026955724037980522,Industrials
BA,1.1466961067897077,0.0013108514759891943,Industrials
HON,0.7758639865067103,-0.00823209185559981,Industrials
UPS,0.8522219068030534,-0.004855361481834963,Industrials
DE,0.7512533112785715,0.015348231476436824,Industrials
