date,portfolio_return
2021-10-04,-0.0055658862320906
2021-10-05,0.009704229149068194
2021-10-06,-9.370876790739664e-05
2021-10-07,0.010375831131836925
2021-10-08,0.005794935584267038
2021-10-11,-0.0069481683813113135
2021-10-12,-0.004142457947622663
2021-10-13,-0.001766856931760012
2021-10-14,0.01299809400335135
2021-10-15,0.009633090136569341
2021-10-18,0.002552573384833934
2021-10-19,0.009902015850232043
2021-10-20,0.006138014157627688
2021-10-21,-0.00048285657814556293
2021-10-22,0.005018111624074774
2021-10-25,0.005580222056879866
2021-10-26,0.0070907100297925695
2021-10-27,-0.010638324755785893
2021-10-28,0.012995514196764021
2021-10-29,0.0006326923606624572
2021-11-01,0.0058521388043994175
2021-11-02,0.003291696571798608
2021-11-03,-0.0011892251793751713
2021-11-04,0.002537099158279754
2021-11-05,0.0023956699076544477
2021-11-08,0.006444189107946337
2021-11-09,-0.003234597653996059
2021-11-10,-0.007727650575420705
2021-11-11,0.0017514279749037964
2021-11-12,0.002455513359398091
2021-11-15,0.0021646885914622755
2021-11-16,0.0004837717470973246
2021-11-17,-0.008699516827751417
2021-11-18,0.0021193279354552617
2021-11-19,-0.013679301065374872
2021-11-22,0.00837315295585156
2021-11-23,0.01149924927370833
2021-11-24,0.003034316982346611
2021-11-26,-0.026115682490639787
2021-11-29,0.0027198471410115593
2021-11-30,-0.0163894293955556
2021-12-01,-0.007477376425971123
2021-12-02,0.01767946367018746
2021-12-03,-0.004275968348973825
2021-12-06,0.013319373176967957
2021-12-07,0.016604963220049004
2021-12-08,-0.0031492276864423354
2021-12-09,-0.0011532319696800199
2021-12-10,0.012356274488904749
2021-12-13,-0.011803020924924358
2021-12-14,-0.0018043302161885287
2021-12-15,0.011789335526461478
2021-12-16,0.0021413546464369333
2021-12-17,-0.0202369756649875
2021-12-20,-0.011748150638725188
2021-12-21,0.01631657817136787
2021-12-22,0.007194627759413138
2021-12-23,0.00443338978014699
2021-12-27,0.012354848436184278
2021-12-28,-0.0006700270016290995
2021-12-29,-0.001561116325957716
2021-12-30,-0.0030438142300584794
2021-12-31,-4.313065656713543e-06
2022-01-03,0.013548546267342882
2022-01-04,0.014568490499489608
2022-01-05,-0.008145531859204847
2022-01-06,0.005123969191204556
2022-01-07,0.00664365057815319
2022-01-10,-0.0016019500039959561
2022-01-11,0.010030908570576496
2022-01-12,-0.0013833958167595107
2022-01-13,-0.005920674034491808
2022-01-14,0.000459137775853647
2022-01-18,-0.014580322436012068
2022-01-19,-0.008407988486344178
2022-01-20,-0.008445214574063675
2022-01-21,-0.013434541227140155
2022-01-24,-0.0010968348768125578
2022-01-25,0.005297227654068393
2022-01-26,-0.0006390364190220401
2022-01-27,-0.0003698037783961306
2022-01-28,0.012097986632477017
2022-01-31,0.00964848409423911
2022-02-01,0.01593715048988718
2022-02-02,0.007121937461675341
2022-02-03,-0.01313684689540932
2022-02-04,0.003393551004075947
2022-02-07,0.00403869159750856
2022-02-08,0.0026229186289416515
2022-02-09,0.009794072480671734
2022-02-10,-0.011978667726506135
2022-02-11,-0.009417213669874839
2022-02-14,-0.009546980028138677
2022-02-15,0.010699300275032115
2022-02-16,-0.0010962035410592116
2022-02-17,-0.016008611590469457
2022-02-18,-0.008660207037073544
2022-02-22,-0.013796084002026147
2022-02-23,-0.013678357336509284
2022-02-24,-0.0013874106332760908
2022-02-25,0.02572548756790688
2022-02-28,0.00153206430970569
2022-03-01,-0.013017018822010541
2022-03-02,0.022251334004515233
2022-03-03,-0.0028242700647942327
2022-03-04,0.0034949043219518585
2022-03-07,-0.01965975459394038
2022-03-08,-0.002127821204060794
2022-03-09,0.017987179780450373
2022-03-10,0.0009169199364658649
2022-03-11,-0.005041774025702869
2022-03-14,-0.0016666901627998886
2022-03-15,0.01172216094117623
2022-03-16,0.0128375457422419
2022-03-17,0.01725644282797742
2022-03-18,0.005743034413962079
2022-03-21,0.003541906273554216
2022-03-22,0.005667533062834195
2022-03-23,-0.01047702864960198
2022-03-24,0.008589714465093063
2022-03-25,0.007787577796793396
2022-03-28,-0.002238539001649683
2022-03-29,0.003464026040321593
2022-03-30,-0.0019133325081359784
2022-03-31,-0.01566370123053518
2022-04-01,0.0017602266240096492
2022-04-04,0.001662173749893493
2022-04-05,-0.011973608050614286
2022-04-06,-0.002711776044274627
2022-04-07,0.006676545200937825
2022-04-08,0.007564881405553496
2022-04-11,-0.016498672195671128
2022-04-12,-0.0014983742248757949
2022-04-13,0.009569578048447299
2022-04-14,-0.004948248829716196
2022-04-18,0.0031816867900397385
2022-04-19,0.010681257223234557
2022-04-20,0.006348036976453482
2022-04-21,-0.015617973623655683
2022-04-22,-0.02680959834176256
2022-04-25,-0.0020240443579317095
2022-04-26,-0.01970731993898966
2022-04-27,0.0002602091574565148
2022-04-28,0.021942876353037648
2022-04-29,-0.028155885715493517
2022-05-02,0.006737290264056477
2022-05-03,0.00808413070616987
2022-05-04,0.0310869494053824
2022-05-05,-0.026046509468309643
2022-05-06,0.0024082100781909746
2022-05-09,-0.03377267376953723
2022-05-10,0.0003576616359913056
2022-05-11,-0.009104871260887486
2022-05-12,-0.0023670047496508993
2022-05-13,0.019992264401336658
2022-05-16,0.004810877146181723
2022-05-17,0.017239063246441748
2022-05-18,-0.03862240975114546
2022-05-19,-0.010641881162165
2022-05-20,-0.003450655201047266
2022-05-23,0.028139340230906897
2022-05-24,0.00035329917425834414
2022-05-25,0.008436403673109357
2022-05-26,0.01937936027128012
2022-05-27,0.01867050758662079
2022-05-31,-0.009461817656983762
2022-06-01,-0.005481162966397041
2022-06-02,0.012397065932450055
2022-06-03,-0.00558853859261418
2022-06-06,0.0008155324711079266
2022-06-07,0.010676837052500531
2022-06-08,-0.011240661683184067
2022-06-09,-0.023920820746991985
2022-06-10,-0.027921733039402496
2022-06-13,-0.03256107591836355
2022-06-14,-0.0003599088263079932
2022-06-15,0.008097400308606872
2022-06-16,-0.024943977747351284
2022-06-17,-0.009381989234697855
2022-06-21,0.027634878737075708
2022-06-22,-0.008988783696410318
2022-06-23,-0.004634156585366481
2022-06-24,0.028761113400209398
2022-06-27,0.0019396275025432732
2022-06-28,-0.008155103829464633
2022-06-29,-0.004418209783674205
2022-06-30,-0.008271987321087164
2022-07-01,0.010479645816798921
2022-07-05,-0.010274521298367506
2022-07-06,-0.0010298622080645104
2022-07-07,0.018026461314417017
2022-07-08,-0.001602407646501454
2022-07-11,-0.008539630705205208
2022-07-12,-0.0073248605968039785
2022-07-13,-0.005315885127580748
2022-07-14,-0.005660054459970117
2022-07-15,0.022699759178961013
2022-07-18,-0.001915800107799007
2022-07-19,0.028895649387370517
2022-07-20,0.0024968848576351764
2022-07-21,0.0050699759249174395
2022-07-22,-0.0035925564861469176
2022-07-25,0.008318105130307715
2022-07-26,-0.010761555361160288
2022-07-27,0.017605571901516872
2022-07-28,0.009301220618057495
2022-07-29,0.015354452663140927
2022-08-01,-0.001964926573506021
2022-08-02,-0.01137586349190563
2022-08-03,0.003991715145309303
2022-08-04,-0.00880276757963553
2022-08-05,0.006168208813887363
2022-08-08,-0.002182016557206741
2022-08-09,0.003721192492066332
2022-08-10,0.016799934720952526
2022-08-11,0.007930305015580693
2022-08-12,0.014493957786775804
2022-08-15,-0.0010859726420480054
2022-08-16,0.00493871165593744
2022-08-17,-0.004238631810055335
2022-08-18,0.008491508514702326
2022-08-19,-0.0047425353522406915
2022-08-22,-0.016073301370824015
2022-08-23,0.0044764737812087235
2022-08-24,0.00251669637182882
2022-08-25,0.011807110045163929
2022-08-26,-0.027948769312341058
2022-08-29,-0.0019499267389448086
2022-08-30,-0.01326044275043555
2022-08-31,-0.008101507399888113
2022-09-01,-0.00047580399629317454
2022-09-02,-0.006096735822362571
2022-09-06,-0.006249128529676984
2022-09-07,0.00988796586320459
2022-09-08,0.009916274591875295
2022-09-09,0.013109093195204553
2022-09-12,0.009510574104372685
2022-09-13,-0.03721562357817693
2022-09-14,0.004139253872598787
2022-09-15,-0.007975468413548176
2022-09-16,-0.007781246529340059
2022-09-19,0.006592027811029644
2022-09-20,-0.01070479483709154
2022-09-21,-0.01571091706481783
2022-09-22,-0.007072219969986587
2022-09-23,-0.025819964825444065
2022-09-26,-0.012733542402043899
2022-09-27,-0.002392766302434638
2022-09-28,0.02213429340618471
2022-09-29,-0.013663196408434608
2022-09-30,-0.013553175987562395
2022-10-03,0.03063425101237038
2022-10-04,0.03179612508839348
2022-10-05,0.0012821756429003033
2022-10-06,-0.006535701942712117
2022-10-07,-0.018792619497777236
2022-10-10,-0.0061614623133722166
2022-10-11,-0.004043628557911821
2022-10-12,0.0006044038310812016
2022-10-13,0.03138889165131126
2022-10-14,-0.017243309229968865
2022-10-17,0.02227851805390297
2022-10-18,0.012033689566759865
2022-10-19,-0.003410185259393233
2022-10-20,-0.003661382443926364
2022-10-21,0.03151394662521153
2022-10-24,0.012159786529419908
2022-10-25,0.009749179801386962
2022-10-26,1.6687738639856444e-05
2022-10-27,0.005027054259933543
2022-10-28,0.02213546757218645
2022-10-31,-0.0032237671690781102
2022-11-01,0.001868340310724281
2022-11-02,-0.01314732176123542
2022-11-03,0.0026903091825375607
2022-11-04,0.015015789753707497
2022-11-07,0.01265990033167522
2022-11-08,0.003842439840672595
2022-11-09,-0.022025689669512495
2022-11-10,0.03903748428970485
2022-11-11,0.007226637007499675
2022-11-14,-0.0051783972619792755
2022-11-15,0.005373826880002988
2022-11-16,-0.006807981238278845
2022-11-17,0.0014618766835915557
2022-11-18,0.004999916669773078
2022-11-21,-0.0018701324150256237
2022-11-22,0.015854610922673765
2022-11-23,0.0020865095766535568
2022-11-25,0.0017762228615856449
2022-11-28,-0.014293386308304951
2022-11-29,0.0029120983681165
2022-11-30,0.020272918893547955
2022-12-01,-0.0020368094832394247
2022-12-02,-0.0008587319198646237
2022-12-05,-0.019158158268355707
2022-12-06,-0.016376290703377122
2022-12-07,-0.001466664510643567
2022-12-08,0.009674439159345731
2022-12-09,-0.010382133458421847
2022-12-12,0.017996868989406094
2022-12-13,0.008168056022683879
2022-12-14,-0.0032467972012346783
2022-12-15,-0.01911426959549869
2022-12-16,-0.009997812064423886
2022-12-19,-0.0010829164825547147
2022-12-20,0.0029730057075519852
2022-12-21,0.0159298812782341
2022-12-22,-0.014965100391940343
2022-12-23,0.008569060394826435
2022-12-27,-0.0008371435050645669
2022-12-28,-0.010935135061470388
2022-12-29,0.009805377877291365
2022-12-30,0.00017724002897617387
2023-01-03,-0.004687860567818109
2023-01-04,0.0037384630436005854
2023-01-05,-0.005229128982394854
2023-01-06,0.02063122735531579
2023-01-09,-0.003560596481534158
2023-01-10,0.004140887263601984
2023-01-11,0.006865019901557161
2023-01-12,0.0070945025276371665
2023-01-13,0.006992522484620059
2023-01-17,-0.004491144709172747
2023-01-18,-0.018619253873215016
2023-01-19,-0.007746880640255558
2023-01-20,0.011728552198085567
2023-01-23,0.00794944470971817
2023-01-24,0.0009917802707302022
2023-01-25,0.001592838657552343
2023-01-26,0.01129675312403603
2023-01-27,-0.002948751825344176
2023-01-30,-0.011670424290205034
2023-01-31,0.011775050023853408
2023-02-01,0.0021874507607530375
2023-02-02,-0.005113609055531766
2023-02-03,-0.003961190345760523
2023-02-06,-0.001219843819669256
2023-02-07,0.011954087667707168
2023-02-08,-0.005853859888923575
2023-02-09,-0.00823956494692568
2023-02-10,0.010214220438426073
2023-02-13,0.008957503411691234
2023-02-14,-0.0006736065368695711
2023-02-15,-0.0032972693278374814
2023-02-16,-0.009772615630011352
2023-02-17,-1.8075767543083987e-05
2023-02-21,-0.01698262935670426
2023-02-22,-0.00531305726426738
2023-02-23,0.010094099456243727
2023-02-24,-0.0076039579985674
2023-02-27,0.0015351469660384585
2023-02-28,-0.006297687032887388
2023-03-01,0.00018695773041646962
2023-03-02,0.007653700146988821
2023-03-03,0.01432055993665083
2023-03-06,0.0018322440326552579
2023-03-07,-0.01816458415548051
2023-03-08,-0.00057570126508234
2023-03-09,-0.019880757792086912
2023-03-10,-0.011002731094150633
2023-03-13,-0.007451490538947682
2023-03-14,0.012734354697912634
2023-03-15,-0.017967332170454584
2023-03-16,0.013416641956649659
2023-03-17,-0.013363346379720444
2023-03-20,0.01234030898665889
2023-03-21,0.013612259669107236
2023-03-22,-0.01554784273672058
2023-03-23,-0.002682777927722838
2023-03-24,0.0008523079291278451
2023-03-27,0.011931671616728532
2023-03-28,0.0015444858631989968
2023-03-29,0.010853350143512162
2023-03-30,0.003396510472946128
2023-03-31,0.011836749123265222
2023-04-03,0.016426885458475846
2023-04-04,-0.011147215561345316
2023-04-05,0.0005205926050546521
2023-04-06,-0.00012143684989516276
2023-04-10,0.0030566966503526192
2023-04-11,0.004272549209084749
2023-04-12,-0.0006395878558808259
2023-04-13,0.008790432622864951
2023-04-14,0.0020076147658924896
2023-04-17,0.0035434084151065677
2023-04-18,0.0025443011780945657
2023-04-19,0.0003856118361970417
2023-04-20,-0.0060062441253723965
2023-04-21,-0.0003844510716923491
2023-04-24,0.003707408739990451
2023-04-25,-0.01602378635438181
2023-04-26,-0.009113958256383689
2023-04-27,0.011882418042543858
2023-04-28,0.009234937530230889
2023-05-01,0.0008046550438365478
2023-05-02,-0.014032214405019328
2023-05-03,-0.009561030714118991
2023-05-04,-0.010552276271060491
2023-05-05,0.017773645800205747
2023-05-08,-0.0005398487152094974
2023-05-09,-0.0018859468644312103
2023-05-10,-0.0029768217600559957
2023-05-11,-0.005418835874474042
2023-05-12,-0.0013970635879906326
2023-05-15,0.003406136584426238
2023-05-16,-0.00950325821098432
2023-05-17,0.01656070836567911
2023-05-18,0.004133019978995881
2023-05-19,-0.0003284890215347389
2023-05-22,-0.0016084092372502705
2023-05-23,-0.0027061186299310687
2023-05-24,-0.007450572124388606
2023-05-25,0.007851132445591307
2023-05-26,0.0057347798358690855
2023-05-30,-0.0033204022089358236
2023-05-31,-0.009463323244231329
2023-06-01,0.010152914454257363
2023-06-02,0.021275104654955274
2023-06-05,-0.005286545314950094
2023-06-06,0.0011328910336516839
2023-06-07,0.006971763068348435
2023-06-08,0.00461314810266956
2023-06-09,0.0004602873909103854
2023-06-12,0.006074442373814838
2023-06-13,0.007801901805267657
2023-06-14,-0.0013501697695567298
2023-06-15,0.012690075448122876
2023-06-16,-0.0023672509322721466
2023-06-20,-0.008657367981599039
2023-06-21,-0.0002561301379555385
2023-06-22,-0.004757826728894531
2023-06-23,-0.008550816409947919
2023-06-26,0.001272660190516733
2023-06-27,0.006246980639652917
2023-06-28,-0.0015645223558883566
2023-06-29,0.008007772387854351
2023-06-30,0.010410122908063722
2023-07-03,0.0018454609956185162
2023-07-05,-0.0039145351647110705
2023-07-06,-0.012563069510391968
2023-07-07,0.0013996547143847568
2023-07-10,0.004315953785335784
2023-07-11,0.010804409164986376
2023-07-12,0.004076200402610492
2023-07-13,0.004277214475974834
2023-07-14,-0.002120109097224417
2023-07-17,0.002326910864334997
2023-07-18,0.012454209295224495
2023-07-19,0.004720454064922172
2023-07-20,0.008773907823581926
2023-07-21,0.0014737532432897884
2023-07-24,0.009076761159152996
2023-07-25,8.778918104315959e-05
2023-07-26,0.0006179240270768396
2023-07-27,-0.007483973345380656
2023-07-28,0.003294630701292101
2023-07-31,0.003434414733267873
2023-08-01,-0.000710481351029176
2023-08-02,-0.010881655905919751
2023-08-03,-0.0004160875786801321
2023-08-04,-0.005494316387913172
2023-08-07,0.009743382632472606
2023-08-08,-0.004629915497455373
2023-08-09,-0.0034218447497960515
2023-08-10,-0.0008705651496900575
2023-08-11,0.005156562792712115
2023-08-14,0.0025041822693712724
2023-08-15,-0.012271429810264103
2023-08-16,-0.007702575967920758
2023-08-17,-0.0004159055584558828
2023-08-18,0.0006162404321677618
2023-08-21,-0.00017293409987387406
2023-08-22,-0.007689439457723793
2023-08-23,0.00687753316868415
2023-08-24,-0.010974317616720393
2023-08-25,0.006357930074160814
2023-08-28,0.006098512314564721
2023-08-29,0.010035564756909601
2023-08-30,0.0032598927368109104
2023-08-31,-0.004971865453971635
2023-09-01,0.006140245828406935
2023-09-05,-0.004221050206620958
2023-09-06,-0.006470409906950314
2023-09-07,-0.002647316125344057
2023-09-08,0.0013396591432143822
2023-09-11,-0.00012195584002139293
2023-09-12,0.0009589575154490362
2023-09-13,0.00016197565583942717
2023-09-14,0.011735787050870854
2023-09-15,-0.009182759908090364
2023-09-18,0.00031367100042439073
2023-09-19,-0.003750986340955227
2023-09-20,-0.006462455409650277
2023-09-21,-0.016033570058241783
2023-09-22,-0.0034383142609026467
2023-09-25,0.003511180885896432
2023-09-26,-0.012183489967116993
2023-09-27,0.0033178547639524138
2023-09-28,0.004671633811548992
2023-09-29,-0.006853961746163519
2023-10-02,-0.005929975978060759
2023-10-03,-0.009687064054315941
2023-10-04,-0.002808151258536311
2023-10-05,-0.002182176026758327
2023-10-06,0.007780766005537296
2023-10-09,0.009846750232665576
2023-10-10,0.0048758390884496815
2023-10-11,-0.004469954644187054
2023-10-12,-0.00551683255212666
2023-10-13,0.0025308671168156904
2023-10-16,0.00991502588109448
2023-10-17,0.0007138437157142172
2023-10-18,-0.008853522353036027
2023-10-19,-0.006077566411771787
2023-10-20,-0.010367189280606202
2023-10-23,-0.006603137455662768
2023-10-24,0.00029449094120423267
2023-10-25,-0.004367125266046501
2023-10-26,-0.0074149294280933834
2023-10-27,-0.013817321564127303
2023-10-30,0.012873972469490444
2023-10-31,0.004413932070745169
2023-11-01,0.0045763558973860455
2023-11-02,0.019472134922295933
2023-11-03,0.00786330338495912
2023-11-06,-0.0015778633392614946
2023-11-07,-0.006077471101570961
2023-11-08,-0.0002063198538674871
2023-11-09,-0.007368441585911104
2023-11-10,0.010031330865036105
2023-11-13,0.0032447096941047747
2023-11-14,0.01587838762798385
2023-11-15,0.003939442403231708
2023-11-16,-0.006954752476354679
2023-11-17,0.004868984190631223
2023-11-20,0.00530543093419966
2023-11-21,-0.0020521403210498443
2023-11-22,0.00027574540378167236
2023-11-24,0.0023974925418527673
2023-11-27,-0.0036748137893991076
2023-11-28,0.0006743054924743848
2023-11-29,0.0022572502002630207
2023-11-30,0.006951301953306779
2023-12-01,0.005511293964658111
2023-12-04,-0.001405707495074193
2023-12-05,-0.005374071383008505
2023-12-06,-0.005218482945017379
2023-12-07,0.0015750946496550144
2023-12-08,0.005838668567239766
2023-12-11,0.003750908899463982
2023-12-12,-0.0032291293732557747
2023-12-13,0.013792231061090298
2023-12-14,0.015377206734291568
2023-12-15,0.0010735202465843468
2023-12-18,0.002497074916918999
2023-12-19,0.008589032426389944
2023-12-20,-0.012964301867597476
2023-12-21,0.007198415502975076
2023-12-22,0.0031402445360931767
2023-12-26,0.00524212339630828
2023-12-27,0.0009774966358232788
2023-12-28,-0.00131216993876548
2023-12-29,-0.0011232275726945557
2024-01-02,0.0034116647490745
2024-01-03,-0.004695544510047522
2024-01-04,-0.0023454020803415736
2024-01-05,0.0035995110930933005
2024-01-08,0.0020883470356286805
2024-01-09,-0.006343659379781586
2024-01-10,0.00309331783803436
2024-01-11,-0.0026527059066239053
2024-01-12,-0.0005576174984648168
2024-01-16,-0.011589381152841801
2024-01-17,-0.004961443204976476
2024-01-18,0.006195001315566196
2024-01-19,0.009263939970067107
2024-01-22,0.003609945356211079
2024-01-23,0.003057885942452887
2024-01-24,0.001494058435590218
2024-01-25,0.007404729833825133
2024-01-26,0.0010988653928612777
2024-01-29,0.003078043735967309
2024-01-30,-0.0003703914937360776
2024-01-31,-0.01046510293062588
2024-02-01,0.006210944339467309
2024-02-02,0.001970768538080196
2024-02-05,-0.005895529104889287
2024-02-06,0.006524543045742569
2024-02-07,0.004554693468068787
2024-02-08,7.541138714257647e-05
2024-02-09,-0.0035516845064781635
2024-02-12,0.005985470022798119
2024-02-13,-0.014332897849998473
2024-02-14,0.003388527154177123
2024-02-15,0.011584299920287843
2024-02-16,-0.00033990762870032387
2024-02-20,-0.0024059038252916332
2024-02-21,0.004601239388622894
2024-02-22,0.011854249286369965
2024-02-23,0.0017270217761026292
2024-02-26,-0.00304289626357762
2024-02-27,-0.0006600789068762382
2024-02-28,0.0010737404132151111
2024-02-29,0.00051540879058198
2024-03-01,0.0032952840237136377
2024-03-04,0.00038697561961017026
2024-03-05,-0.00314251039220346
2024-03-06,0.004904758903144863
2024-03-07,0.005947459449744021
2024-03-08,-0.002411501891203964
2024-03-11,0.005279358277506911
2024-03-12,0.007393048639992594
2024-03-13,0.00228748794389915
2024-03-14,-0.0019934387982318796
2024-03-15,-0.0026221949987921414
2024-03-18,0.0009875503320387934
2024-03-19,0.007507321495478903
2024-03-20,0.007345551393762767
2024-03-21,0.0056146363903224125
2024-03-22,-0.0038832216059230193
2024-03-25,-0.0016440608614523157
2024-03-26,-0.003849646437489496
2024-03-27,0.013686110071075994
2024-03-28,0.0023235363812100195
2024-04-01,-0.00499591234939338
2024-04-02,-0.005236811017142311
2024-04-03,-0.0006052717336405225
2024-04-04,-0.009692192739437614
2024-04-05,0.007798139634604412
2024-04-08,-0.0028217757606654684
2024-04-09,0.0025448292523261567
2024-04-10,-0.008239009079547697
2024-04-11,-0.00023710404868785287
2024-04-12,-0.015273617151937261
2024-04-15,-0.003563373922401703
2024-04-16,-0.00383591725593964
2024-04-17,-0.0015677669165232318
2024-04-18,0.0026446574639106156
2024-04-19,0.003945549361874853
2024-04-22,0.008398403435458768
2024-04-23,0.0060997796041068475
2024-04-24,-0.0026220986166402226
2024-04-25,-0.002165513745034886
2024-04-26,0.003565610925046106
2024-04-29,0.003973081043074496
2024-04-30,-0.016009405912503074
2024-05-01,0.0005994042736972131
2024-05-02,0.0073669351959592755
2024-05-03,0.006416031068874336
2024-05-06,0.0059233502611917375
2024-05-07,0.001850727671474369
2024-05-08,0.0015939540634544354
2024-05-09,0.007903219813494658
2024-05-10,0.0023166815122321657
2024-05-13,0.0005189957407274751
2024-05-14,0.0030851498158113045
2024-05-15,0.007779710197862927
2024-05-16,-0.00030352598242566384
2024-05-17,0.0030377212617375107
2024-05-20,-0.005645405684529903
2024-05-21,0.0017216171720499864
2024-05-22,-0.0034603619886636374
2024-05-23,-0.012321847197413284
2024-05-24,0.0012468513788526274
2024-05-28,-0.0019069079447438593
2024-05-29,-0.011468795478841819
2024-05-30,-0.0004250975085467709
2024-05-31,0.013861571460905175
2024-06-03,-0.001429000255967261
2024-06-04,0.0014851839842343721
2024-06-05,0.0035263582545447883
2024-06-06,0.00037834288850534497
2024-06-07,-0.00040209340111323503
2024-06-10,0.0013634857492948278
2024-06-11,-0.002686334704304661
2024-06-12,0.0037055457332380764
2024-06-13,-0.00051442608962418
2024-06-14,-0.0019479446467664933
2024-06-17,0.0043053747892613
2024-06-18,0.005357496070265388
2024-06-20,0.0058170698076996045
2024-06-21,-0.003728036580918418
2024-06-24,0.009748075902080258
2024-06-25,-0.006316483161494085
2024-06-26,-0.0009648269644459047
2024-06-27,0.0008005120988939167
2024-06-28,0.002578156946479882
2024-07-01,0.001545032060897641
2024-07-02,0.0013510447550382518
2024-07-03,0.0015520126205138018
2024-07-05,-0.0012736952384361567
2024-07-08,-0.0020391409231576008
2024-07-09,-0.0019407861872047837
2024-07-10,0.011137216357379052
2024-07-11,0.003879253318419155
2024-07-12,0.0016325876339251197
2024-07-15,0.006958221196569028
2024-07-16,0.014404682303158263
2024-07-17,0.006314947025852357
2024-07-18,-0.010691850500252037
2024-07-19,-0.004846412155131115
2024-07-22,-0.0005973208981946386
2024-07-23,-0.0065359501656259665
2024-07-24,-0.006184415511768412
2024-07-25,0.001504588344589161
2024-07-26,0.00866516776825845
2024-07-29,-0.005117232591892737
2024-07-30,-0.0013148634796162468
2024-07-31,0.004974700494553959
2024-08-01,-0.01377254352756939
2024-08-02,-0.015545373790263767
2024-08-05,-0.025534581546948883
2024-08-06,0.003453463737062493
2024-08-07,-0.0036795980286539595
2024-08-08,0.017087080567267987
2024-08-09,0.0007574728787149266
2024-08-12,-0.0008111059524461788
2024-08-13,0.008051750830096833
2024-08-14,0.006165922270704261
2024-08-15,0.01716389704295967
2024-08-16,0.004634947251970077
2024-08-19,0.006731988436568155
2024-08-20,-0.005748696477103823
2024-08-21,0.0025413738114689133
2024-08-22,-0.0022121698087787713
2024-08-23,0.01188996107330695
2024-08-26,0.0028394130775658668
2024-08-27,-0.002199537014522856
2024-08-28,-0.003673825670483121
2024-08-29,0.004163656724891052
2024-08-30,0.006553260162188599
2024-09-03,-0.01848496622170931
2024-09-04,-0.0015101890986280301
2024-09-05,-0.006128670740242781
2024-09-06,-0.012813346620987718
2024-09-09,0.010693050761859661
2024-09-10,-0.0006345658390310713
2024-09-11,0.0013747850922223531
2024-09-12,0.0031137190431170165
2024-09-13,0.004465486220368335
2024-09-16,0.009515242784817532
2024-09-17,0.002499120262222021
2024-09-18,-0.00307676554334592
2024-09-19,0.012342966443331539
2024-09-20,-0.001991649469518645
2024-09-23,0.0017507410222935495
2024-09-24,0.0024590841797078305
2024-09-25,-0.006829857469513474
2024-09-26,0.0024359262773116165
2024-09-27,0.0054495219242841186
2024-09-30,0.003932685730133492
2024-10-01,-0.001380714218747335
2024-10-02,0.0008719812531081336
2024-10-03,-0.0018449596445060871
2024-10-04,0.010075267172259778
2024-10-07,-0.0025133437981013267
2024-10-08,-0.0007065134982512495
2024-10-09,0.00938066608424052
2024-10-10,-0.001777974846260029
2024-10-11,0.011053967363834587
2024-10-14,0.0034803214164304567
2024-10-15,-0.007634544207440247
2024-10-16,0.01026274862230196
2024-10-17,0.00042117586683868924
2024-10-18,0.0008410400229330262
2024-10-21,-0.005142270589769859
2024-10-22,0.0017618385420670292
2024-10-23,-0.0061422072008529
2024-10-24,-0.00010010792493767912
2024-10-25,-0.0064184997438479705
2024-10-28,0.001601922977534195
2024-10-29,-0.005892195222592371
2024-10-30,-0.002064215683812498
2024-10-31,-0.00797018907330634
2024-11-01,0.004242255927521384
2024-11-04,-0.0014167841146477545
2024-11-05,0.0070818515768683475
2024-11-06,0.031063134252817048
2024-11-07,-0.0001852712437638214
2024-11-08,0.0015455465078344167
2024-11-11,0.0037615193189530736
2024-11-12,-0.00423175410163309
2024-11-13,0.0015458134360763895
2024-11-14,-0.0035868447524676993
2024-11-15,-0.0033439402006142874
2024-11-18,0.00446136652840486
2024-11-19,-0.0012941990333561098
2024-11-20,0.0022185015016497056
2024-11-21,0.01037779655751885
2024-11-22,0.008905759287027642
2024-11-25,0.0029079234796428113
2024-11-26,0.001298898771116989
2024-11-27,-0.00033969209613052466
2024-11-29,0.003658239132943567
2024-12-02,-0.00512576710509139
2024-12-03,-0.003261157234743465
2024-12-04,-0.003102355619469639
2024-12-05,-0.0005405969104315788
2024-12-06,-0.005498298909628896
2024-12-09,9.241052840271548e-05
2024-12-10,-0.005559994099301216
2024-12-11,-0.0016219674724474947
2024-12-12,-0.004552767050091674
2024-12-13,-0.0029570379731651865
2024-12-16,-0.004518064683009996
2024-12-17,-0.0027932616057718025
2024-12-18,-0.02241458133753796
2024-12-19,-0.001612868445456491
2024-12-20,0.011748809820595252
2024-12-23,0.0038486794538585274
2024-12-24,0.008826985689543225
2024-12-26,0.0017632115841338576
2024-12-27,-0.005489291974385822
2024-12-30,-0.008876260277309565
2024-12-31,0.0025847278248643996
2025-01-02,-0.0020289316143122203
2025-01-03,0.006842578792891404
2025-01-06,0.0009332279339135899
2025-01-07,-0.0005796767001965446
2025-01-08,-8.145103886513254e-05
2025-01-10,-0.012351779677396368
2025-01-13,0.009881676846237876
2025-01-14,0.0023726760929387637
2025-01-15,0.01420924726989535
2025-01-16,0.003391475436843624
2025-01-17,0.008391072508044448
2025-01-21,0.008737260272152702
2025-01-22,-0.0017691946293213023
2025-01-23,0.01080798356912249
2025-01-24,-0.0037714554054378855
2025-01-27,0.0007282847911302606
2025-01-28,-0.00016603498599576677
2025-01-29,-0.0031674090713481704
2025-01-30,0.00032111158710096356
2025-01-31,-0.011226888174255113
2025-02-03,-0.005411365123264563
2025-02-04,0.0045345478223186835
2025-02-05,0.007064268505158407
2025-02-06,-0.00010451017136165248
2025-02-07,-0.004722784833597115
2025-02-10,0.008348831111714073
2025-02-11,0.004963899502079049
2025-02-12,-0.006314921273906662
2025-02-13,0.005583579579606608
2025-02-14,0.00022248977487985167
2025-02-18,0.0060094607549037015
2025-02-19,0.0060698071252055985
2025-02-20,-0.006114512653406373
2025-02-21,-0.012794649939274788
2025-02-24,-0.0020359199129946475
2025-02-25,0.0004789836863003087
2025-02-26,-0.005430211695663748
2025-02-27,-0.0030468586680283943
2025-02-28,0.014813838393575298
2025-03-03,-0.019077007078989107
2025-03-04,-0.019386805267972037
2025-03-05,0.007521523265825097
2025-03-06,-0.0062126075876949355
2025-03-07,0.009183312680325257
2025-03-10,-0.01845655393914137
2025-03-11,-0.011496079713557617
2025-03-12,-0.0005458333466344062
2025-03-13,-0.008238435035321574
2025-03-14,0.01733856459150098
2025-03-17,0.009933658257618787
2025-03-18,-0.0037271309527934634
2025-03-19,0.009321263829448602
2025-03-20,0.0016383125202866853
2025-03-21,-0.0007492859941738725
2025-03-24,0.011043531180480086
2025-03-25,-0.003399562824349711
2025-03-26,-0.0014042655619775388
2025-03-27,-0.0030910346595762264
2025-03-28,-0.013854557321759666
2025-03-31,0.009163817267447102
2025-04-01,-0.0022665481755437034
2025-04-02,0.005206967575849123
2025-04-03,-0.050512697808331855
2025-04-04,-0.06137667620626154
2025-04-07,-0.008320453005950627
2025-04-08,-0.016549915964850316
2025-04-09,0.08147780258894347
2025-04-10,-0.03442552275882537
2025-04-11,0.018062681101270836
2025-04-14,0.00872912812395046
2025-04-15,-0.0030813097046632305
2025-04-16,-0.013142557708836407
2025-04-17,0.006045787683644713
2025-04-21,-0.018572950451890544
2025-04-22,0.022511155879376285
2025-04-23,0.007217980213183223
2025-04-24,0.015005706057591913
2025-04-25,0.0017375059532763423
2025-04-28,0.0021489724615191977
2025-04-29,0.005079193165723904
2025-04-30,-0.0012817787063117243
2025-05-01,0.005462958324041297
2025-05-02,0.013581236934006641
2025-05-05,-0.008065047078962507
2025-05-06,-0.00789004318950915
2025-05-07,0.003072437777731569
2025-05-08,0.00898286727056508
2025-05-09,-0.0011735367587982029
2025-05-12,0.02818957838281127
2025-05-13,-0.002252340325846365
2025-05-14,-0.002252715958464487
2025-05-15,0.006558388717993873
2025-05-16,0.007397101601281179
2025-05-19,0.00047857059159343423
2025-05-20,-0.00276651172630589
2025-05-21,-0.018203851116647723
2025-05-22,-0.0008559917596404033
2025-05-23,-0.003457359412693358
2025-05-27,0.013792447234710396
2025-05-28,-0.006468666342765143
2025-05-29,0.0055630502689528955
2025-05-30,0.00026643253055909453
2025-06-02,0.003556275707985798
2025-06-03,0.0074888734430397985
2025-06-04,-0.0047017413079551975
2025-06-05,-0.003499391855303528
2025-06-06,0.012653145691347024
2025-06-09,0.0042609194375020825
2025-06-10,0.006853207290408699
2025-06-11,0.00037768323631016726
2025-06-12,0.006887528691850414
2025-06-13,-0.003544682611091721
2025-06-16,0.0018914919331681026
2025-06-17,-0.006189620769783252
2025-06-18,0.0020872728561830635
2025-06-20,0.0017077636634114878
2025-06-23,0.0027405270803733156
2025-06-24,0.004611059672899145
2025-06-25,-0.0016283490373433763
2025-06-26,0.007620475377348702
2025-06-27,0.005266554547707506
2025-06-30,0.003493785933982914
2025-07-01,0.013033742945360124
2025-07-02,0.0075448530701620956
2025-07-03,0.00494954319225224
2025-07-07,-0.008919354039302878
2025-07-08,0.0035774268926789957
2025-07-09,0.0028087503723772363
2025-07-10,0.005335968544917717
2025-07-11,-0.002342013100543805
2025-07-14,-0.0035373695741941157
2025-07-15,-0.011435231555791495
2025-07-16,0.003877327798685134
2025-07-17,0.0022478382530495564
2025-07-18,-0.004730161798214856
2025-07-21,-0.0012520705087539217
2025-07-22,0.00851212713318608
2025-07-23,0.013374598177369862
2025-07-24,-0.0019692254665897154
2025-07-25,0.0037009124221425104
2025-07-28,-0.0002507809224483234
2025-07-29,-0.006363889218685822
2025-07-30,-0.006179650338084716
2025-07-31,-0.0090816702024122
2025-08-01,-0.013055176877732723
2025-08-04,0.009670020285080076
2025-08-05,0.0039198710017085865
2025-08-06,0.0014296090155862858
2025-08-07,0.00012227347726763497
2025-08-08,0.009682075919632915
2025-08-11,-0.0038734019682252615
2025-08-12,0.0104471184897672
2025-08-13,0.0040464043820317395
2025-08-14,-0.002322155993769729
2025-08-15,0.00048326145465386763
2025-08-18,0.0007699497230163534
2025-08-19,-0.0017329107499603512
2025-08-20,0.0022429480094490082
2025-08-21,-0.0014763120476029862
2025-08-22,0.017286680224002444
2025-08-25,-0.005117819400045042
2025-08-26,0.0018923884694997026
2025-08-27,0.004643536929909005
2025-08-28,0.0009947695504390528
2025-08-29,-0.0015535177611668595
2025-09-02,-0.0031833337341920765
2025-09-03,-0.006554675140576061
2025-09-04,0.006524229295153801
2025-09-05,-0.0064158747749213626
2025-09-08,0.0004948412017971469
2025-09-09,0.0065371858096531935
2025-09-10,0.012707987729358008
2025-09-11,0.005999826354662539
2025-09-12,-0.0070383103624417605
2025-09-15,5.7242344640448306e-05
2025-09-16,0.0037686473747290464
2025-09-17,0.0026005267566749247
2025-09-18,0.0016324215690245634
2025-09-19,0.0002028189574233605
2025-09-22,0.0021438233038508594
2025-09-23,0.0007317179273603983
2025-09-24,-0.0016956421803038396
2025-09-25,-0.0036501428962573803
2025-09-26,0.005629138981533585
2025-09-29,-0.0006292325412606459
2025-09-30,0.002413371308708704
2025-10-01,0.0030195120770421372
2025-10-02,-0.004311602610685498
2025-10-03,0.0054708241559638425
2025-10-06,-0.00034968740917830485
2025-10-07,-0.0015395282574330277
2025-10-08,-0.0009558214407055995
2025-10-09,-0.005662597283410528
2025-10-10,-0.02064032671437139
2025-10-13,0.010172792867859258
2025-10-14,0.006967659357500534
2025-10-15,0.002892783241206235
2025-10-16,-0.003692742648592902
2025-10-17,0.0017281272396210538
2025-10-20,0.008504491042466353
2025-10-21,-0.001374882637464988
2025-10-22,-0.0005287586347653582
2025-10-23,0.007402023232640894
2025-10-24,0.005259194154463191
2025-10-27,0.0063079771028478684
2025-10-28,-0.00021864092928761754
2025-10-29,-0.0015885323816129614
2025-10-30,-0.006585335093586438
2025-10-31,0.0014795610358753768
2025-11-03,-0.0049585477848463535
2025-11-04,-0.006088230821441628
2025-11-05,-0.0005431364297219983
2025-11-06,-0.003934806926878426
2025-11-07,0.003574482718896096
2025-11-10,0.006269557047597459
2025-11-11,0.011472992306802678
2025-11-12,0.0026466814738439516
2025-11-13,-0.007999886991887384
2025-11-14,0.0013099426037347483
2025-11-17,-0.010698823222768617
2025-11-18,-0.0029110812921911973
2025-11-19,-0.0024884018829454237
2025-11-20,-0.010772876419917385
2025-11-21,0.009201909690893281
2025-11-24,0.001900768946094875
2025-11-25,0.009769881582757049
2025-11-26,0.005905096971006769
2025-11-28,0.005305846460174495
2025-12-01,-0.004558825411618073
2025-12-02,0.003151432464808268
2025-12-03,0.013877204790334666
2025-12-04,0.0007778726569522056
2025-12-05,-1.8565037653809442e-05
2025-12-08,-0.0032962260454823936
2025-12-09,-0.002708643287418648
2025-12-10,0.011786969638327772
2025-12-11,0.0031307499302414797
2025-12-12,-0.0015184104875896097
2025-12-15,0.0003424381115689952
2025-12-16,-0.010848725182448287
2025-12-17,0.00032726118152957785
2025-12-18,-0.003100944622319883
2025-12-19,0.006872187954500351
2025-12-22,0.005541959238526784
2025-12-23,-0.0012079600058418276
2025-12-24,0.004593157188735413
2025-12-26,-1.8464640100501674e-05
2025-12-29,-0.002518698036348929
2025-12-30,0.001575914461627185
2025-12-31,-0.005688289035458665
2026-01-02,0.013058279795856094
2026-01-05,0.009703904012063794
2026-01-06,0.004296487887071928
2026-01-07,-0.011949003638841113
2026-01-08,0.013842364778873276
2026-01-09,0.006204178754698848
2026-01-12,0.0019648345283448123
2026-01-13,0.001856712872305777
2026-01-14,0.0014290696824865584
2026-01-15,0.003504619371268603
2026-01-16,-0.0030278042723720154
2026-01-20,-0.012696397448583798
2026-01-21,0.010425682698189083
2026-01-22,0.0011855751238444175
2026-01-23,-0.0016044796023434638
2026-01-26,0.005899251616988266
2026-01-27,-0.002298586292032483
2026-01-28,-0.0029121787298809357
2026-01-29,0.004522126742959923
2026-01-30,0.0032089838828883834
2026-02-02,0.006091984499518539
2026-02-03,0.008176161256231053
2026-02-04,0.007540395083606067
2026-02-05,-0.01169547666139508
2026-02-06,0.02551536406880529
2026-02-09,0.005818803576276778
2026-02-10,-0.0017206233849551042
2026-02-11,0.005611976352090885
2026-02-12,-0.015196772743261934
2026-02-13,0.004644191097091351
2026-02-17,-0.004234137238733123
2026-02-18,0.0066257788223039365
2026-02-19,0.0035456122602701254
2026-02-20,-0.0002993073374213839
2026-02-23,-0.006291769742494177
2026-02-24,0.0038216239024181538
2026-02-25,0.0023594560833388708
2026-02-26,-0.0007814777661115641
2026-02-27,-0.0023528152409172075
2026-03-02,0.0023189201065671383
2026-03-03,-0.010142059773699247
2026-03-04,0.0006013355797379817
2026-03-05,-0.015599901365605448
2026-03-06,-0.0060426263432258156
2026-03-09,0.002222034683028466
2026-03-10,-0.0016571603635272296
2026-03-11,0.0034123079371112027
2026-03-12,-0.01350957227779292
2026-03-13,-0.0016556226061051982
2026-03-16,0.006467712660308009
2026-03-17,0.003118642824226746
2026-03-18,-0.01104889382352889
2026-03-19,0.0003359399728202244
2026-03-20,-0.00876302545973672
2026-03-23,0.011380509721534652
2026-03-24,0.004851621471948583
2026-03-25,0.006691291521173255
2026-03-26,-0.004937315491312355
2026-03-27,-0.010109967730744802
2026-03-30,-0.0029260784146854513
2026-03-31,0.020032269024867815
2026-04-01,-0.0008084877458216439
2026-04-02,0.0022542326314200535
2026-04-06,0.004266639411176198
2026-04-07,-0.0022280021928577738
2026-04-08,0.018958938506023433
2026-04-09,0.002901467624779763
2026-04-10,-0.0069329754285309565
2026-04-13,0.008403582020831139
2026-04-14,-0.0014723171794137698
2026-04-15,0.0022765014491762264
2026-04-16,0.0012790557604447103
2026-04-17,0.007927508176731761
2026-04-20,0.0013557609559748719
2026-04-21,-0.002895725718382555
2026-04-22,0.006094365675291273
2026-04-23,0.002076773847284945
2026-04-24,-0.005005829837879719
2026-04-27,-0.0008175903771130128
2026-04-28,0.0021606195746865574
2026-04-29,-0.0007874673413261605
2026-04-30,0.00960120003765955
2026-05-01,-0.003262349723446649
2026-05-04,-0.009293842254420204
2026-05-05,0.006039663334191215
2026-05-06,0.0049577025428531925
2026-05-07,-0.008303141825979587
2026-05-08,-0.0023071632800697427
2026-05-11,0.004431033886733519
2026-05-12,0.005492797666020147
2026-05-13,0.001491737532354228
2026-05-14,0.008623398392015312
2026-05-15,-0.0036735500972379835
2026-05-18,0.005859958107477113
2026-05-19,-0.002032312129389006
2026-05-20,0.004905659893558819
2026-05-21,-0.000805976188143602
2026-05-22,0.006118096343249649
2026-05-26,-0.006003911676532955
2026-05-27,0.00036882519558081297
2026-05-28,0.003801112029554864
2026-05-29,0.0033440649828825656
2026-06-01,0.005865240541587591
2026-06-02,0.00803113925153975
2026-06-03,-0.006064372490068291
2026-06-04,0.015699834621954723
2026-06-05,-0.012788043651209734
2026-06-08,0.0004839979997626313
2026-06-09,-0.0008134835692694666
2026-06-10,-0.00950883681556576
2026-06-11,0.007877353646764862
2026-06-12,0.004836346227223353
2026-06-15,-6.27503368289128e-05
2026-06-16,0.0037399065084909536
2026-06-17,-0.011763651041444284
2026-06-18,-0.006634735216025371
2026-06-22,0.0020989858537991363
2026-06-23,-0.0010814588941572127
2026-06-24,-0.004552737463854634
2026-06-25,0.001698667371226547
2026-06-26,-0.0022801114551119963
2026-06-29,-0.0031396304759771063
2026-06-30,-0.0026376717415231804
2026-07-01,-0.001231281832999261
2026-07-02,0.013017968981544219
2026-07-06,0.0030456616974293576
2026-07-07,0.00601135587332103
2026-07-08,-0.005190649923005117
2026-07-09,0.0011136418451948896
2026-07-10,0.00434118679895819
2026-07-13,-0.001116920548924468
2026-07-14,-0.0009200968765098571
2026-07-15,0.003351606687462387
2026-07-16,0.0054183817071834645
2026-07-17,-0.0021078835140167207
2026-07-20,-0.00900844583619012
2026-07-21,0.010143051047073415
2026-07-22,0.005792906292829303
2026-07-23,-0.0026341513385289604
2026-07-24,0.007726719599218448
2026-07-27,-0.0005229861268759568
2026-07-28,0.002817686364049934
2026-07-29,-0.013839945237678977
2026-07-30,0.010286278684768196
2026-07-31,0.0021666232497426943
2026-08-03,0.00907298557902068
2026-08-04,0.012395267050033533
2026-08-05,0.0003690036447320875
2026-08-06,-0.001344544071374106
2026-08-07,0.004017478985000186
2026-08-10,0.00847221018145494
2026-08-11,-0.0025383687585914905
2026-08-12,0.005562654773143812
2026-08-13,-0.0031155472272382315
2026-08-14,0.0009304059712627819
2026-08-17,-0.0036911261665018495
2026-08-18,0.0006115726330683873
2026-08-19,0.0033530928330908626
2026-08-20,-0.008978695265157008
2026-08-21,0.008069555904749075
2026-08-24,-0.0007541176940130785
2026-08-25,0.0007725802430075802
2026-08-26,-0.0012295764204321626
2026-08-27,-0.002925973205827959
2026-08-28,0.002559148058600173
2026-08-31,0.0022779537555357517
2026-09-01,-0.001769356416431815
2026-09-02,0.0084097351920048
2026-09-03,0.006293975065095111
2026-09-04,-0.003507311984393846
2026-09-08,-0.006568564540437468
2026-09-09,-0.00304863938702653
2026-09-10,-0.006386672779307539
2026-09-11,0.004992875979534177
2026-09-14,-0.0069390735186119525
2026-09-15,0.0007360581846041971
2026-09-16,-0.015374318415544378
2026-09-17,0.0070592305054302616
2026-09-18,-0.0033982514154573505
2026-09-21,0.00010620995004488604
2026-09-22,-0.002383857039177946
2026-09-23,-0.0034011505434415365
2026-09-24,-0.006224049885164155
2026-09-25,0.00351870610424856
2026-09-28,-0.007168198022257048
2026-09-29,-0.004603127740789725
2026-09-30,-0.008682255244451114
